ID:                                                                         

Acquisition Date:  28-Apr-2025 16:44
Elapsed Real Time:          4690.00
Elapsed Live Time:          3600.00
Conversion Gain:               8192                 Calibration
High Voltage:                     0               A =  -1.694E+000
Coarse Gain:                      0               B =   4.995E-001
Fine Gain:                     1.00               C =   9.917E-008


Channel     Contents
   0             0
   1             0
   2             0
   3             0
   4             0
   5             0
   6             0
   7             0
   8             0
   9             0
  10             0
  11             0
  12             0
  13             0
  14             0
  15             0
  16             0
  17             0
  18             0
  19             0
  20             0
  21             0
  22             0
  23             0
  24             0
  25             0
  26             0
  27             0
  28             0
  29             0
  30             0
  31             0
  32             0
  33             0
  34             0
  35             0
  36             0
  37             0
  38             0
  39             0
  40             0
  41             0
  42             0
  43             0
  44             0
  45             0
  46             0
  47             0
  48             0
  49             0
  50             0
  51             0
  52             0
  53             0
  54             0
  55             0
  56             0
  57             0
  58             0
  59             0
  60             0
  61             0
  62             0
  63             0
  64             0
  65             0
  66             0
  67             0
  68             0
  69             0
  70             0
  71             0
  72             0
  73             0
  74             0
  75             0
  76             0
  77             0
  78             1
  79             0
  80             1
  81           792
  82         26830
  83         56328
  84         56386
  85         56866
  86         56377
  87         57116
  88         56183
  89         56464
  90         56010
  91         56081
  92         56764
  93         56501
  94         56140
  95         56702
  96         56202
  97         56020
  98         56240
  99         55890
 100         55954
 101         56614
 102         55946
 103         56219
 104         56298
 105         56171
 106         55947
 107         55863
 108         56499
 109         56255
 110         56070
 111         56479
 112         56487
 113         56611
 114         57060
 115         57129
 116         57664
 117         57737
 118         57947
 119         58430
 120         58956
 121         59566
 122         59910
 123         60089
 124         60243
 125         60972
 126         61313
 127         61063
 128         61163
 129         61847
 130         61945
 131         63124
 132         63264
 133         63970
 134         64823
 135         65660
 136         66429
 137         67677
 138         68496
 139         69631
 140         70365
 141         73007
 142         74540
 143         76373
 144         78452
 145         83694
 146         94517
 147        110851
 148        120258
 149        115349
 150        111025
 151        125876
 152        145818
 153        138475
 154        109606
 155         84431
 156         70930
 157         65673
 158         64177
 159         63922
 160         64471
 161         64975
 162         65090
 163         65954
 164         66913
 165         67855
 166         69210
 167         69718
 168         71172
 169         74293
 170         82565
 171         96470
 172        105053
 173        100397
 174         88198
 175         78152
 176         77490
 177         78402
 178         76886
 179         72404
 180         68884
 181         65935
 182         65842
 183         66007
 184         66300
 185         66611
 186         67651
 187         67520
 188         68123
 189         68662
 190         69357
 191         69336
 192         70693
 193         70678
 194         71423
 195         72153
 196         72218
 197         73196
 198         73811
 199         73905
 200         74723
 201         75212
 202         75635
 203         76435
 204         76526
 205         76462
 206         76748
 207         77626
 208         78032
 209         78062
 210         79144
 211         79137
 212         79307
 213         79655
 214         79491
 215         80580
 216         80931
 217         81059
 218         81697
 219         81795
 220         81784
 221         82860
 222         82734
 223         83272
 224         83586
 225         83361
 226         83716
 227         85184
 228         84842
 229         84976
 230         85158
 231         85289
 232         85743
 233         86308
 234         85480
 235         86431
 236         86574
 237         86462
 238         86808
 239         87229
 240         87503
 241         87599
 242         87780
 243         88209
 244         88773
 245         88628
 246         89401
 247         88832
 248         89768
 249         90432
 250         90128
 251         90689
 252         90970
 253         91552
 254         91276
 255         91381
 256         91954
 257         92962
 258         93242
 259         92958
 260         93831
 261         94363
 262         94650
 263         94941
 264         95455
 265         95916
 266         96983
 267         97043
 268         97629
 269         98613
 270        100110
 271        100739
 272        100980
 273        101374
 274        101483
 275        101918
 276        102987
 277        104569
 278        105015
 279        106170
 280        108294
 281        110679
 282        115261
 283        122093
 284        128135
 285        127460
 286        127185
 287        129483
 288        133217
 289        137093
 290        138078
 291        139096
 292        140343
 293        141163
 294        142545
 295        142038
 296        140920
 297        138774
 298        135700
 299        133540
 300        132352
 301        130078
 302        128656
 303        127562
 304        126513
 305        125193
 306        124655
 307        122808
 308        122789
 309        122085
 310        120258
 311        120436
 312        119657
 313        118953
 314        117391
 315        116899
 316        116506
 317        115948
 318        115366
 319        115017
 320        114173
 321        113511
 322        112858
 323        112230
 324        111906
 325        111102
 326        110010
 327        110237
 328        109182
 329        109241
 330        108151
 331        108022
 332        107667
 333        106935
 334        106391
 335        106124
 336        105378
 337        105693
 338        104530
 339        104315
 340        104216
 341        103373
 342        103545
 343        102454
 344        102124
 345        101787
 346        101157
 347        101291
 348        100304
 349         99547
 350         99021
 351         98602
 352         97407
 353         96958
 354         96042
 355         95211
 356         94355
 357         93232
 358         91619
 359         90613
 360         89115
 361         87996
 362         86255
 363         84925
 364         84199
 365         83821
 366         82900
 367         82617
 368         81084
 369         80654
 370         79363
 371         78958
 372         78523
 373         77772
 374         77590
 375         77478
 376         77711
 377         77032
 378         77116
 379         76890
 380         76810
 381         76238
 382         76173
 383         77048
 384         76373
 385         77638
 386         79085
 387         83067
 388         89108
 389         92761
 390         89836
 391         82646
 392         77682
 393         74926
 394         73616
 395         72600
 396         72173
 397         72290
 398         71662
 399         71463
 400         71311
 401         71266
 402         70469
 403         70628
 404         69892
 405         69743
 406         68805
 407         68927
 408         68521
 409         68619
 410         68564
 411         67523
 412         67339
 413         66679
 414         66793
 415         66341
 416         65788
 417         65895
 418         65089
 419         65243
 420         64229
 421         64322
 422         63807
 423         63618
 424         63361
 425         63401
 426         62670
 427         62141
 428         61495
 429         61483
 430         61049
 431         61048
 432         60549
 433         60194
 434         59737
 435         59391
 436         59302
 437         57830
 438         58039
 439         57848
 440         57548
 441         57031
 442         56906
 443         56482
 444         56349
 445         55482
 446         55264
 447         54846
 448         54474
 449         54131
 450         53769
 451         53553
 452         52979
 453         52729
 454         51985
 455         52253
 456         51852
 457         51685
 458         51139
 459         50697
 460         50532
 461         50400
 462         49939
 463         49727
 464         49649
 465         49529
 466         48907
 467         48696
 468         48286
 469         48324
 470         48321
 471         47805
 472         47692
 473         47187
 474         47205
 475         46987
 476         46811
 477         46824
 478         46257
 479         45996
 480         46183
 481         45920
 482         45491
 483         45559
 484         45123
 485         45480
 486         44783
 487         44901
 488         44567
 489         44499
 490         44665
 491         44347
 492         43961
 493         43757
 494         43563
 495         43898
 496         43246
 497         43350
 498         42861
 499         42801
 500         42783
 501         42617
 502         42196
 503         42183
 504         41964
 505         42049
 506         42113
 507         41989
 508         41362
 509         41379
 510         41375
 511         41208
 512         41099
 513         41144
 514         40820
 515         40694
 516         40697
 517         40397
 518         40301
 519         40494
 520         39812
 521         39789
 522         39644
 523         39740
 524         39762
 525         38852
 526         39096
 527         39001
 528         38717
 529         38835
 530         38557
 531         37949
 532         38068
 533         37785
 534         38015
 535         37674
 536         37745
 537         37780
 538         37229
 539         36975
 540         37042
 541         36736
 542         36807
 543         36174
 544         36294
 545         36772
 546         36242
 547         35649
 548         35819
 549         35345
 550         35277
 551         35346
 552         35211
 553         35133
 554         34581
 555         34716
 556         34519
 557         34338
 558         34220
 559         34285
 560         33753
 561         33614
 562         33774
 563         33657
 564         33238
 565         33246
 566         33038
 567         33038
 568         32821
 569         32889
 570         33024
 571         32517
 572         32254
 573         32249
 574         32226
 575         32387
 576         32226
 577         31838
 578         31846
 579         31498
 580         31666
 581         31739
 582         31567
 583         31664
 584         31353
 585         31236
 586         31483
 587         31467
 588         31296
 589         31472
 590         31221
 591         31591
 592         31287
 593         31304
 594         31145
 595         31356
 596         31586
 597         31203
 598         31543
 599         32125
 600         31858
 601         31617
 602         31921
 603         32113
 604         32497
 605         32939
 606         33436
 607         33769
 608         34555
 609         35424
 610         36032
 611         36621
 612         37969
 613         38554
 614         39892
 615         40554
 616         41444
 617         42523
 618         43548
 619         44726
 620         46414
 621         48010
 622         49393
 623         51341
 624         53381
 625         56391
 626         59721
 627         62923
 628         68378
 629         74375
 630         81064
 631         89923
 632        100663
 633        117631
 634        139966
 635        166219
 636        196272
 637        230728
 638        266536
 639        297813
 640        330859
 641        415374
 642        701538
 643       1373648
 644       2167048
 645       2381159
 646       1813944
 647       1034348
 648        490534
 649        214354
 650         95709
 651         48974
 652         32832
 653         26718
 654         24646
 655         23142
 656         22326
 657         21684
 658         21267
 659         20694
 660         20249
 661         19532
 662         19736
 663         19041
 664         18855
 665         18872
 666         18391
 667         18329
 668         18021
 669         17990
 670         18137
 671         17909
 672         17892
 673         18258
 674         18725
 675         18510
 676         17901
 677         17660
 678         17132
 679         16645
 680         16861
 681         16475
 682         16592
 683         16362
 684         16321
 685         16414
 686         16418
 687         16167
 688         16094
 689         16114
 690         15946
 691         16020
 692         15852
 693         15896
 694         15876
 695         15757
 696         15728
 697         15867
 698         15678
 699         15791
 700         15762
 701         15649
 702         15581
 703         15603
 704         15427
 705         15456
 706         15253
 707         15561
 708         15477
 709         15512
 710         15165
 711         15134
 712         15372
 713         15127
 714         14932
 715         14999
 716         15012
 717         14947
 718         14662
 719         14965
 720         14563
 721         14684
 722         14672
 723         14748
 724         14586
 725         14854
 726         14526
 727         14235
 728         14494
 729         14254
 730         14306
 731         14475
 732         14239
 733         14177
 734         14353
 735         14112
 736         14171
 737         14134
 738         14167
 739         14146
 740         13858
 741         13690
 742         14088
 743         14011
 744         13672
 745         13703
 746         13611
 747         13762
 748         13564
 749         13697
 750         13575
 751         13601
 752         13625
 753         13573
 754         13441
 755         13407
 756         13282
 757         13635
 758         13443
 759         13021
 760         13145
 761         13263
 762         13112
 763         13006
 764         13349
 765         13054
 766         13213
 767         13118
 768         13340
 769         13256
 770         13100
 771         12991
 772         12916
 773         12805
 774         12878
 775         12709
 776         12900
 777         12774
 778         12562
 779         12566
 780         12540
 781         12791
 782         12701
 783         12589
 784         12645
 785         12648
 786         12643
 787         12545
 788         12415
 789         12531
 790         12239
 791         12492
 792         12308
 793         12315
 794         12193
 795         11997
 796         11958
 797         11996
 798         11813
 799         11805
 800         11779
 801         11868
 802         11989
 803         12071
 804         12061
 805         12156
 806         11863
 807         12021
 808         11955
 809         11881
 810         12145
 811         12049
 812         11992
 813         12014
 814         11983
 815         11675
 816         11776
 817         11751
 818         11444
 819         11751
 820         11442
 821         11657
 822         11557
 823         11557
 824         11422
 825         11267
 826         11812
 827         11916
 828         11915
 829         11876
 830         11455
 831         11217
 832         11237
 833         11120
 834         11255
 835         11269
 836         11096
 837         11094
 838         11077
 839         11075
 840         11046
 841         11029
 842         11039
 843         10932
 844         10992
 845         10813
 846         10880
 847         10865
 848         10826
 849         10677
 850         10794
 851         10966
 852         10729
 853         10634
 854         10658
 855         10663
 856         10621
 857         10705
 858         10813
 859         10783
 860         10554
 861         10559
 862         10366
 863         10304
 864         10433
 865         10506
 866         10398
 867         10573
 868         10246
 869         10281
 870         10288
 871         10289
 872         10345
 873         10098
 874         10014
 875         10253
 876         10198
 877         10177
 878         10044
 879         10275
 880          9917
 881          9991
 882         10160
 883         10137
 884          9890
 885          9969
 886          9822
 887          9712
 888          9969
 889          9839
 890          9750
 891          9691
 892          9812
 893          9710
 894          9690
 895          9770
 896          9699
 897          9621
 898          9898
 899          9677
 900          9707
 901          9614
 902          9776
 903          9642
 904          9451
 905          9358
 906          9603
 907          9310
 908          9751
 909          9580
 910          9575
 911          9476
 912          9494
 913          9497
 914          9474
 915          9305
 916          9333
 917          9448
 918          9365
 919          9478
 920          9304
 921          9483
 922          9445
 923          9365
 924          9340
 925          9401
 926          9292
 927          9162
 928          9270
 929          9118
 930          9203
 931          9067
 932          9185
 933          8980
 934          9091
 935          9277
 936          9188
 937          9135
 938          9003
 939          9008
 940          8858
 941          8928
 942          8787
 943          8725
 944          8818
 945          8849
 946          8550
 947          8524
 948          8597
 949          8568
 950          8682
 951          8492
 952          8488
 953          8651
 954          8700
 955          8365
 956          8667
 957          8614
 958          8760
 959          8586
 960          8786
 961          9260
 962          9989
 963         10910
 964         11037
 965         10378
 966          9334
 967          8802
 968          8240
 969          7985
 970          7905
 971          7966
 972          7777
 973          7875
 974          7977
 975          7918
 976          7594
 977          7854
 978          7790
 979          7655
 980          7764
 981          7625
 982          7628
 983          7655
 984          7447
 985          7494
 986          7603
 987          7565
 988          7501
 989          7685
 990          7346
 991          7524
 992          7228
 993          7490
 994          7353
 995          7246
 996          7196
 997          7204
 998          7156
 999          7304
1000          7159
1001          7010
1002          7160
1003          7121
1004          6944
1005          6929
1006          6989
1007          7035
1008          6938
1009          6930
1010          7007
1011          6909
1012          6890
1013          6938
1014          6838
1015          7041
1016          6936
1017          6985
1018          7264
1019          7317
1020          7436
1021          7604
1022          8060
1023          8160
1024          8697
1025          9010
1026          9133
1027          9585
1028          9223
1029          8720
1030          8249
1031          7601
1032          7100
1033          6727
1034          6727
1035          6516
1036          6415
1037          6555
1038          6415
1039          6411
1040          6287
1041          6343
1042          6265
1043          6278
1044          6423
1045          6262
1046          6205
1047          6163
1048          6171
1049          6174
1050          6202
1051          6221
1052          6091
1053          6264
1054          6199
1055          6131
1056          5914
1057          6094
1058          5985
1059          6163
1060          6227
1061          5955
1062          6097
1063          6032
1064          6005
1065          5867
1066          6019
1067          6056
1068          6108
1069          5901
1070          5881
1071          5954
1072          5716
1073          6010
1074          5954
1075          5816
1076          5901
1077          5926
1078          5833
1079          5856
1080          5713
1081          5825
1082          5663
1083          5815
1084          5670
1085          5807
1086          5935
1087          5828
1088          5831
1089          5826
1090          5661
1091          5644
1092          5541
1093          5666
1094          5669
1095          5722
1096          5701
1097          5801
1098          5612
1099          5775
1100          5754
1101          5657
1102          5838
1103          5825
1104          5918
1105          6101
1106          6098
1107          6218
1108          6442
1109          6265
1110          5961
1111          5919
1112          5972
1113          6056
1114          6101
1115          6123
1116          6227
1117          6305
1118          6557
1119          6975
1120          7693
1121          9422
1122         11740
1123         12426
1124         11477
1125          9524
1126          8107
1127          7386
1128          7208
1129          7421
1130          8946
1131         11723
1132         14505
1133         15554
1134         13394
1135         10296
1136          7806
1137          6373
1138          5820
1139          5545
1140          5462
1141          5366
1142          5400
1143          5313
1144          5362
1145          5250
1146          5370
1147          5222
1148          5232
1149          5308
1150          5241
1151          5261
1152          5349
1153          5288
1154          5211
1155          5288
1156          5269
1157          5229
1158          5058
1159          5189
1160          5177
1161          5183
1162          5299
1163          5066
1164          5190
1165          5142
1166          5156
1167          5108
1168          5302
1169          5197
1170          5056
1171          5243
1172          5282
1173          5210
1174          5082
1175          4983
1176          5040
1177          5180
1178          5150
1179          5119
1180          5022
1181          5172
1182          5163
1183          5193
1184          5184
1185          5019
1186          5244
1187          5008
1188          5122
1189          5117
1190          5206
1191          5181
1192          5234
1193          4985
1194          5179
1195          5207
1196          5107
1197          5227
1198          5062
1199          5079
1200          5019
1201          5140
1202          5112
1203          5164
1204          5190
1205          5255
1206          5374
1207          5330
1208          5777
1209          6095
1210          6275
1211          6124
1212          5754
1213          5421
1214          5278
1215          5235
1216          5134
1217          5074
1218          5060
1219          5259
1220          5072
1221          5185
1222          5106
1223          5292
1224          5224
1225          5216
1226          5145
1227          5175
1228          5258
1229          5081
1230          5191
1231          5192
1232          5258
1233          5313
1234          5121
1235          5156
1236          5121
1237          5197
1238          5297
1239          5514
1240          5712
1241          6010
1242          5746
1243          5526
1244          5422
1245          5199
1246          5127
1247          5179
1248          5157
1249          5191
1250          5177
1251          5220
1252          5328
1253          5349
1254          5468
1255          5283
1256          5539
1257          5414
1258          5483
1259          5391
1260          5390
1261          5444
1262          5408
1263          5474
1264          5567
1265          5529
1266          5590
1267          5624
1268          5561
1269          5740
1270          5676
1271          5756
1272          5937
1273          5964
1274          6057
1275          6038
1276          6197
1277          6154
1278          6357
1279          6476
1280          6735
1281          6819
1282          7245
1283          7371
1284          7733
1285          7034
1286          6166
1287          4980
1288          4402
1289          4052
1290          3897
1291          3826
1292          3719
1293          3813
1294          3786
1295          3883
1296          3862
1297          3924
1298          3828
1299          3711
1300          3873
1301          3762
1302          3723
1303          3712
1304          3655
1305          3668
1306          3680
1307          3794
1308          3682
1309          3729
1310          3636
1311          3828
1312          3694
1313          3783
1314          3784
1315          3797
1316          4002
1317          4052
1318          4471
1319          4517
1320          4308
1321          4140
1322          3787
1323          3751
1324          3700
1325          3703
1326          3617
1327          3674
1328          3691
1329          3592
1330          3681
1331          3646
1332          3604
1333          3602
1334          3598
1335          3616
1336          3685
1337          3632
1338          3659
1339          3677
1340          3495
1341          3684
1342          3654
1343          3616
1344          3637
1345          3731
1346          3636
1347          3654
1348          3572
1349          3706
1350          3688
1351          3638
1352          3614
1353          3682
1354          3627
1355          3624
1356          3598
1357          3637
1358          3556
1359          3618
1360          3607
1361          3581
1362          3742
1363          3626
1364          3723
1365          3812
1366          3757
1367          3830
1368          3836
1369          3945
1370          3923
1371          3867
1372          4084
1373          4479
1374          5058
1375          5932
1376          6464
1377          6158
1378          5362
1379          4521
1380          4101
1381          3803
1382          3845
1383          3678
1384          3698
1385          3601
1386          3746
1387          3725
1388          3776
1389          3943
1390          3995
1391          4004
1392          3889
1393          3872
1394          3566
1395          3643
1396          3460
1397          3544
1398          3555
1399          3543
1400          3615
1401          3548
1402          3610
1403          3716
1404          3594
1405          3519
1406          3524
1407          3439
1408          3599
1409          3547
1410          3537
1411          3496
1412          3519
1413          3533
1414          3554
1415          3396
1416          3653
1417          3544
1418          3511
1419          3561
1420          3521
1421          3415
1422          3608
1423          3510
1424          3595
1425          3662
1426          3497
1427          3573
1428          3361
1429          3491
1430          3547
1431          3515
1432          3498
1433          3509
1434          3533
1435          3564
1436          3588
1437          3527
1438          3410
1439          3546
1440          3555
1441          3553
1442          3519
1443          3540
1444          3513
1445          3501
1446          3560
1447          3504
1448          3413
1449          3632
1450          3630
1451          3687
1452          3517
1453          3574
1454          3372
1455          3531
1456          3585
1457          3483
1458          3497
1459          3593
1460          3553
1461          3471
1462          3547
1463          3450
1464          3550
1465          3417
1466          3444
1467          3607
1468          3403
1469          3642
1470          3504
1471          3449
1472          3490
1473          3497
1474          3537
1475          3610
1476          3560
1477          3650
1478          3704
1479          3670
1480          3637
1481          3829
1482          4103
1483          4210
1484          4276
1485          4122
1486          3823
1487          3767
1488          3676
1489          3548
1490          3604
1491          3557
1492          3541
1493          3521
1494          3487
1495          3604
1496          3582
1497          3557
1498          3540
1499          3525
1500          3500
1501          3492
1502          3523
1503          3484
1504          3487
1505          3632
1506          3514
1507          3550
1508          3630
1509          3539
1510          3537
1511          3620
1512          3567
1513          3555
1514          3516
1515          3582
1516          3530
1517          3626
1518          3576
1519          3594
1520          3562
1521          3623
1522          3551
1523          3528
1524          3537
1525          3549
1526          3572
1527          3679
1528          3522
1529          3532
1530          3543
1531          3644
1532          3581
1533          3568
1534          3495
1535          3524
1536          3666
1537          3639
1538          3607
1539          3559
1540          3600
1541          3719
1542          3632
1543          3718
1544          3748
1545          3653
1546          3567
1547          3786
1548          3764
1549          3977
1550          3992
1551          3885
1552          3767
1553          3852
1554          3638
1555          3662
1556          3621
1557          3736
1558          3805
1559          3813
1560          3922
1561          3959
1562          4011
1563          3796
1564          3819
1565          3833
1566          3854
1567          3781
1568          3676
1569          3797
1570          3771
1571          3800
1572          3732
1573          3767
1574          3760
1575          3642
1576          3823
1577          3703
1578          3682
1579          3789
1580          3765
1581          3832
1582          3634
1583          3734
1584          3727
1585          3680
1586          3705
1587          3759
1588          3765
1589          3672
1590          3735
1591          3815
1592          3833
1593          3707
1594          3744
1595          3871
1596          3728
1597          3757
1598          3776
1599          3776
1600          3766
1601          3784
1602          3768
1603          3907
1604          3767
1605          3838
1606          3880
1607          3876
1608          3786
1609          3954
1610          3826
1611          3885
1612          3870
1613          3850
1614          4018
1615          4008
1616          3974
1617          4103
1618          3950
1619          4131
1620          4254
1621          4105
1622          4330
1623          4527
1624          5011
1625          5557
1626          5932
1627          5649
1628          5165
1629          4623
1630          4361
1631          4141
1632          4050
1633          3878
1634          4063
1635          3938
1636          3937
1637          3935
1638          3981
1639          3968
1640          4022
1641          4127
1642          3973
1643          4082
1644          4137
1645          3917
1646          4048
1647          4143
1648          4217
1649          4142
1650          4083
1651          4068
1652          4136
1653          4140
1654          4121
1655          4265
1656          4259
1657          4299
1658          4332
1659          4240
1660          4399
1661          4465
1662          4555
1663          4661
1664          4774
1665          4956
1666          5169
1667          5393
1668          5461
1669          5740
1670          6365
1671          7767
1672         10274
1673         13766
1674         15633
1675         15123
1676         12185
1677          8667
1678          6426
1679          5150
1680          4523
1681          4315
1682          4342
1683          4175
1684          4277
1685          4359
1686          4331
1687          4230
1688          4287
1689          4288
1690          4283
1691          4190
1692          4180
1693          4301
1694          4360
1695          4227
1696          4372
1697          4275
1698          4241
1699          4284
1700          4280
1701          4206
1702          4379
1703          4294
1704          4419
1705          4352
1706          4338
1707          4378
1708          4331
1709          4421
1710          4458
1711          4348
1712          4480
1713          4428
1714          4454
1715          4261
1716          4524
1717          4375
1718          4443
1719          4379
1720          4421
1721          4595
1722          4389
1723          4377
1724          4439
1725          4455
1726          4561
1727          4587
1728          4450
1729          4604
1730          4531
1731          4601
1732          4565
1733          4665
1734          4569
1735          4434
1736          4643
1737          4698
1738          4488
1739          4489
1740          4559
1741          4542
1742          4592
1743          4790
1744          4584
1745          4711
1746          4526
1747          4629
1748          4618
1749          4656
1750          4673
1751          4601
1752          4447
1753          4559
1754          4570
1755          4674
1756          4665
1757          4750
1758          4715
1759          4614
1760          4600
1761          4574
1762          4527
1763          4548
1764          4643
1765          4717
1766          4535
1767          4594
1768          4694
1769          4689
1770          4586
1771          4584
1772          4602
1773          4558
1774          4691
1775          4524
1776          4488
1777          4500
1778          4482
1779          4460
1780          4519
1781          4375
1782          4289
1783          4476
1784          4306
1785          4303
1786          4276
1787          4212
1788          4128
1789          4201
1790          4055
1791          4018
1792          4023
1793          4112
1794          3925
1795          3949
1796          3877
1797          3804
1798          3884
1799          3778
1800          3701
1801          3789
1802          3773
1803          3725
1804          3757
1805          3719
1806          3717
1807          3659
1808          3678
1809          3737
1810          3695
1811          3703
1812          3571
1813          3684
1814          3654
1815          3593
1816          3599
1817          3654
1818          3687
1819          3511
1820          3609
1821          3592
1822          3552
1823          3633
1824          3608
1825          3638
1826          3607
1827          3624
1828          3607
1829          3584
1830          3662
1831          3663
1832          3573
1833          3715
1834          3652
1835          3524
1836          3540
1837          3544
1838          3511
1839          3457
1840          3558
1841          3588
1842          3509
1843          3523
1844          3499
1845          3438
1846          3496
1847          3560
1848          3544
1849          3445
1850          3551
1851          3449
1852          3349
1853          3504
1854          3449
1855          3418
1856          3468
1857          3428
1858          3432
1859          3546
1860          3358
1861          3377
1862          3525
1863          3378
1864          3426
1865          3365
1866          3394
1867          3503
1868          3378
1869          3448
1870          3390
1871          3346
1872          3391
1873          3470
1874          3402
1875          3342
1876          3366
1877          3348
1878          3310
1879          3351
1880          3384
1881          3342
1882          3395
1883          3265
1884          3283
1885          3395
1886          3188
1887          3180
1888          3229
1889          3247
1890          3211
1891          3102
1892          3245
1893          3295
1894          3145
1895          3251
1896          3314
1897          3168
1898          3224
1899          3179
1900          3321
1901          3268
1902          3258
1903          3266
1904          3243
1905          3244
1906          3208
1907          3182
1908          3156
1909          3168
1910          3210
1911          3166
1912          3196
1913          3210
1914          3155
1915          3159
1916          3040
1917          3148
1918          3054
1919          3145
1920          3142
1921          3130
1922          3145
1923          3052
1924          3210
1925          3106
1926          3124
1927          3005
1928          3097
1929          3056
1930          3099
1931          3007
1932          3006
1933          3067
1934          3154
1935          2959
1936          3029
1937          3032
1938          2970
1939          2987
1940          3030
1941          2950
1942          2954
1943          3000
1944          2949
1945          2942
1946          2930
1947          2990
1948          2909
1949          2883
1950          2993
1951          2919
1952          2937
1953          2912
1954          2878
1955          2904
1956          2985
1957          2800
1958          2909
1959          2864
1960          2848
1961          2818
1962          2859
1963          2725
1964          2937
1965          2763
1966          2769
1967          2868
1968          2831
1969          2786
1970          2750
1971          2753
1972          2765
1973          2746
1974          2868
1975          2758
1976          2769
1977          2778
1978          2704
1979          2745
1980          2752
1981          2780
1982          2722
1983          2697
1984          2718
1985          2713
1986          2729
1987          2675
1988          2692
1989          2716
1990          2833
1991          2741
1992          2728
1993          2713
1994          2755
1995          2761
1996          2684
1997          2735
1998          2773
1999          2670
2000          2616
2001          2777
2002          2690
2003          2715
2004          2750
2005          2753
2006          2759
2007          2657
2008          2771
2009          2683
2010          2765
2011          2646
2012          2595
2013          2651
2014          2657
2015          2684
2016          2711
2017          2645
2018          2660
2019          2684
2020          2691
2021          2625
2022          2641
2023          2726
2024          2700
2025          2709
2026          2743
2027          2686
2028          2702
2029          2636
2030          2635
2031          2681
2032          2643
2033          2697
2034          2745
2035          2751
2036          2755
2037          2763
2038          2680
2039          2820
2040          2726
2041          2857
2042          2696
2043          2713
2044          2722
2045          2627
2046          2759
2047          2689
2048          2680
2049          2808
2050          2637
2051          2677
2052          2727
2053          2764
2054          2767
2055          2760
2056          2691
2057          2714
2058          2764
2059          2754
2060          2662
2061          2816
2062          2732
2063          2759
2064          2798
2065          2755
2066          2844
2067          2765
2068          2704
2069          2693
2070          2708
2071          2759
2072          2678
2073          2836
2074          2626
2075          2686
2076          2842
2077          2651
2078          2794
2079          2764
2080          2779
2081          2839
2082          2847
2083          2701
2084          2754
2085          2820
2086          2740
2087          2752
2088          2738
2089          2718
2090          2713
2091          2768
2092          2817
2093          2715
2094          2888
2095          2941
2096          2780
2097          2897
2098          2850
2099          2782
2100          2809
2101          2896
2102          2794
2103          2802
2104          2850
2105          2892
2106          2792
2107          2864
2108          2784
2109          2825
2110          2794
2111          2828
2112          2907
2113          2807
2114          2752
2115          2810
2116          2875
2117          2917
2118          2905
2119          2930
2120          2872
2121          2918
2122          2844
2123          2813
2124          2746
2125          2800
2126          2782
2127          2749
2128          2701
2129          2751
2130          2808
2131          2833
2132          2777
2133          2837
2134          2879
2135          2889
2136          2890
2137          2759
2138          2911
2139          2772
2140          2718
2141          2797
2142          2866
2143          2826
2144          2843
2145          2665
2146          2756
2147          2788
2148          2674
2149          2673
2150          2766
2151          2733
2152          2692
2153          2639
2154          2713
2155          2665
2156          2725
2157          2676
2158          2686
2159          2598
2160          2612
2161          2609
2162          2570
2163          2497
2164          2523
2165          2567
2166          2636
2167          2623
2168          2599
2169          2658
2170          2703
2171          2681
2172          2811
2173          2890
2174          2882
2175          2833
2176          2950
2177          3067
2178          3055
2179          3150
2180          3235
2181          3372
2182          3499
2183          3658
2184          3671
2185          3989
2186          4150
2187          4529
2188          4925
2189          5472
2190          6030
2191          6974
2192          8074
2193          9261
2194         10950
2195         12552
2196         14748
2197         16906
2198         20781
2199         29570
2200         46402
2201         71905
2202         96526
2203        107421
2204         94970
2205         69067
2206         41592
2207         21822
2208         11234
2209          6045
2210          3987
2211          3159
2212          2944
2213          2790
2214          2683
2215          2694
2216          2571
2217          2576
2218          2506
2219          2519
2220          2419
2221          2485
2222          2369
2223          2420
2224          2455
2225          2315
2226          2386
2227          2344
2228          2347
2229          2230
2230          2235
2231          2279
2232          2275
2233          2215
2234          2287
2235          2217
2236          2161
2237          2200
2238          2216
2239          2185
2240          2208
2241          2101
2242          2081
2243          2199
2244          2171
2245          2180
2246          2084
2247          2094
2248          2119
2249          2063
2250          2102
2251          2163
2252          2042
2253          2058
2254          2027
2255          2035
2256          1918
2257          1989
2258          1941
2259          2042
2260          1921
2261          1983
2262          1993
2263          2011
2264          1967
2265          1931
2266          1848
2267          1860
2268          1840
2269          1934
2270          1776
2271          1876
2272          1875
2273          1857
2274          1869
2275          1856
2276          1832
2277          1817
2278          1954
2279          1782
2280          1833
2281          1788
2282          1804
2283          1779
2284          1840
2285          1845
2286          1841
2287          1780
2288          1732
2289          1791
2290          1748
2291          1688
2292          1771
2293          1733
2294          1662
2295          1691
2296          1658
2297          1610
2298          1663
2299          1615
2300          1647
2301          1620
2302          1632
2303          1658
2304          1683
2305          1650
2306          1616
2307          1591
2308          1599
2309          1637
2310          1661
2311          1661
2312          1720
2313          1661
2314          1616
2315          1569
2316          1698
2317          1580
2318          1637
2319          1563
2320          1639
2321          1605
2322          1562
2323          1550
2324          1571
2325          1519
2326          1539
2327          1590
2328          1606
2329          1619
2330          1598
2331          1535
2332          1580
2333          1640
2334          1635
2335          1681
2336          1762
2337          1745
2338          1823
2339          1856
2340          2004
2341          2114
2342          2252
2343          2421
2344          2608
2345          2898
2346          3288
2347          4245
2348          6085
2349          8641
2350         10812
2351         11552
2352         10571
2353          7797
2354          5052
2355          3334
2356          2146
2357          1679
2358          1450
2359          1280
2360          1290
2361          1311
2362          1329
2363          1313
2364          1298
2365          1295
2366          1224
2367          1262
2368          1233
2369          1247
2370          1264
2371          1190
2372          1220
2373          1235
2374          1186
2375          1149
2376          1207
2377          1185
2378          1206
2379          1194
2380          1174
2381          1156
2382          1110
2383          1147
2384          1102
2385          1166
2386          1144
2387          1099
2388          1099
2389          1121
2390          1100
2391          1071
2392          1103
2393          1110
2394          1072
2395          1113
2396          1050
2397          1110
2398          1063
2399          1071
2400          1064
2401          1031
2402          1042
2403          1051
2404          1030
2405          1018
2406          1032
2407          1041
2408          1015
2409          1051
2410          1009
2411          1032
2412          1001
2413           999
2414          1009
2415           988
2416          1048
2417           992
2418          1046
2419           949
2420           911
2421          1005
2422           973
2423          1027
2424           935
2425          1030
2426           990
2427          1003
2428          1067
2429          1022
2430          1090
2431          1058
2432          1106
2433          1062
2434          1067
2435          1106
2436          1156
2437          1183
2438          1143
2439           992
2440           875
2441           936
2442           911
2443           911
2444           895
2445           878
2446           924
2447           923
2448           902
2449           898
2450           850
2451           965
2452           916
2453           866
2454           917
2455           895
2456           869
2457           815
2458           855
2459           929
2460           914
2461           951
2462           922
2463           958
2464           885
2465           902
2466           882
2467           859
2468           844
2469           826
2470           860
2471           791
2472           882
2473           863
2474           841
2475           865
2476           843
2477           832
2478           811
2479           804
2480           845
2481           870
2482           809
2483           761
2484           839
2485           849
2486           799
2487           856
2488           784
2489           809
2490           833
2491           832
2492           791
2493           773
2494           801
2495           774
2496           783
2497           806
2498           752
2499           788
2500           785
2501           802
2502           787
2503           753
2504           750
2505           749
2506           749
2507           758
2508           771
2509           737
2510           764
2511           746
2512           686
2513           705
2514           743
2515           735
2516           781
2517           747
2518           744
2519           785
2520           735
2521           740
2522           686
2523           715
2524           728
2525           716
2526           662
2527           663
2528           708
2529           732
2530           685
2531           742
2532           718
2533           665
2534           689
2535           689
2536           703
2537           686
2538           706
2539           689
2540           691
2541           700
2542           708
2543           698
2544           710
2545           694
2546           693
2547           699
2548           754
2549           812
2550           813
2551           796
2552           886
2553           890
2554           892
2555           894
2556          1002
2557          1027
2558          1058
2559          1125
2560          1096
2561          1177
2562          1223
2563          1288
2564          1376
2565          1381
2566          1416
2567          1570
2568          1665
2569          1782
2570          1933
2571          2208
2572          2373
2573          2753
2574          3040
2575          3620
2576          4237
2577          5025
2578          6058
2579          7160
2580          8272
2581          9807
2582         11859
2583         16259
2584         24766
2585         38173
2586         54954
2587         66695
2588         67124
2589         55967
2590         37843
2591         22178
2592         11256
2593          5459
2594          3068
2595          1800
2596          1409
2597          1187
2598          1138
2599          1039
2600          1046
2601          1026
2602          1010
2603           988
2604           953
2605           886
2606           918
2607           874
2608           936
2609           891
2610           879
2611           827
2612           822
2613           861
2614           854
2615           880
2616           800
2617           830
2618           802
2619           768
2620           734
2621           799
2622           788
2623           842
2624           846
2625           787
2626           780
2627           757
2628           756
2629           773
2630           813
2631           787
2632           767
2633           767
2634           786
2635           796
2636           794
2637           774
2638           831
2639           801
2640           769
2641           804
2642           803
2643           785
2644           795
2645           778
2646           836
2647           792
2648           854
2649           811
2650           840
2651           867
2652           859
2653           911
2654           952
2655          1033
2656          1045
2657          1163
2658          1230
2659          1287
2660          1443
2661          1538
2662          1760
2663          2047
2664          2360
2665          3032
2666          4294
2667          6406
2668          8535
2669          9820
2670          9452
2671          7607
2672          5285
2673          3257
2674          1893
2675          1173
2676           928
2677           865
2678           702
2679           781
2680           730
2681           689
2682           700
2683           641
2684           648
2685           689
2686           658
2687           682
2688           691
2689           745
2690           707
2691           659
2692           666
2693           659
2694           649
2695           657
2696           678
2697           656
2698           617
2699           621
2700           647
2701           674
2702           617
2703           721
2704           639
2705           631
2706           605
2707           630
2708           628
2709           632
2710           637
2711           584
2712           596
2713           629
2714           585
2715           639
2716           647
2717           638
2718           573
2719           632
2720           572
2721           616
2722           622
2723           657
2724           626
2725           565
2726           582
2727           593
2728           561
2729           569
2730           640
2731           580
2732           594
2733           582
2734           594
2735           608
2736           580
2737           538
2738           610
2739           602
2740           595
2741           610
2742           617
2743           604
2744           586
2745           581
2746           540
2747           591
2748           547
2749           533
2750           547
2751           530
2752           580
2753           581
2754           566
2755           540
2756           512
2757           551
2758           559
2759           548
2760           581
2761           548
2762           533
2763           511
2764           534
2765           529
2766           594
2767           556
2768           523
2769           547
2770           545
2771           504
2772           514
2773           496
2774           535
2775           557
2776           498
2777           536
2778           520
2779           560
2780           541
2781           503
2782           529
2783           538
2784           502
2785           532
2786           530
2787           568
2788           530
2789           505
2790           484
2791           549
2792           474
2793           542
2794           483
2795           505
2796           513
2797           526
2798           551
2799           495
2800           533
2801           542
2802           541
2803           510
2804           472
2805           540
2806           525
2807           525
2808           549
2809           508
2810           478
2811           535
2812           514
2813           506
2814           515
2815           509
2816           499
2817           500
2818           495
2819           504
2820           528
2821           525
2822           542
2823           490
2824           557
2825           550
2826           515
2827           550
2828           545
2829           560
2830           554
2831           599
2832           568
2833           592
2834           600
2835           556
2836           571
2837           558
2838           648
2839           663
2840           657
2841           690
2842           640
2843           693
2844           551
2845           491
2846           398
2847           405
2848           390
2849           358
2850           380
2851           348
2852           338
2853           351
2854           341
2855           373
2856           367
2857           396
2858           383
2859           382
2860           371
2861           338
2862           370
2863           343
2864           395
2865           370
2866           320
2867           353
2868           325
2869           341
2870           349
2871           359
2872           335
2873           333
2874           354
2875           349
2876           307
2877           351
2878           343
2879           337
2880           369
2881           345
2882           318
2883           317
2884           362
2885           335
2886           352
2887           364
2888           322
2889           317
2890           317
2891           304
2892           321
2893           304
2894           306
2895           294
2896           306
2897           287
2898           313
2899           269
2900           311
2901           325
2902           330
2903           299
2904           301
2905           317
2906           280
2907           322
2908           322
2909           297
2910           297
2911           306
2912           322
2913           326
2914           291
2915           282
2916           333
2917           305
2918           321
2919           313
2920           344
2921           371
2922           382
2923           509
2924           541
2925           623
2926           647
2927           639
2928           512
2929           434
2930           402
2931           335
2932           280
2933           273
2934           248
2935           262
2936           281
2937           280
2938           255
2939           281
2940           242
2941           265
2942           289
2943           247
2944           258
2945           262
2946           262
2947           252
2948           241
2949           230
2950           263
2951           253
2952           252
2953           270
2954           264
2955           256
2956           243
2957           269
2958           260
2959           269
2960           278
2961           259
2962           255
2963           294
2964           279
2965           288
2966           332
2967           326
2968           322
2969           309
2970           286
2971           282
2972           251
2973           214
2974           233
2975           248
2976           240
2977           244
2978           233
2979           270
2980           231
2981           261
2982           251
2983           235
2984           215
2985           251
2986           242
2987           290
2988           220
2989           250
2990           234
2991           219
2992           215
2993           229
2994           204
2995           238
2996           192
2997           206
2998           201
2999           216
3000           212
3001           199
3002           211
3003           234
3004           203
3005           184
3006           222
3007           188
3008           190
3009           192
3010           227
3011           191
3012           200
3013           191
3014           189
3015           221
3016           197
3017           204
3018           184
3019           197
3020           180
3021           178
3022           200
3023           188
3024           205
3025           172
3026           191
3027           215
3028           198
3029           185
3030           192
3031           203
3032           201
3033           208
3034           175
3035           161
3036           180
3037           179
3038           164
3039           176
3040           183
3041           187
3042           158
3043           173
3044           189
3045           183
3046           188
3047           180
3048           164
3049           193
3050           179
3051           179
3052           201
3053           170
3054           175
3055           146
3056           197
3057           210
3058           173
3059           168
3060           185
3061           158
3062           174
3063           192
3064           175
3065           171
3066           174
3067           172
3068           180
3069           183
3070           182
3071           170
3072           159
3073           159
3074           181
3075           179
3076           162
3077           167
3078           152
3079           142
3080           171
3081           167
3082           157
3083           144
3084           160
3085           173
3086           168
3087           151
3088           164
3089           157
3090           166
3091           174
3092           168
3093           147
3094           150
3095           150
3096           171
3097           164
3098           146
3099           147
3100           163
3101           142
3102           162
3103           165
3104           146
3105           154
3106           165
3107           137
3108           162
3109           133
3110           142
3111           174
3112           143
3113           140
3114           154
3115           155
3116           142
3117           160
3118           150
3119           163
3120           141
3121           147
3122           147
3123           149
3124           129
3125           175
3126           153
3127           151
3128           160
3129           131
3130           152
3131           139
3132           151
3133           163
3134           170
3135           154
3136           147
3137           162
3138           156
3139           148
3140           139
3141           173
3142           155
3143           142
3144           138
3145           156
3146           141
3147           159
3148           153
3149           142
3150           173
3151           143
3152           149
3153           143
3154           168
3155           154
3156           156
3157           159
3158           166
3159           146
3160           151
3161           139
3162           144
3163           142
3164           160
3165           155
3166           127
3167           166
3168           188
3169           152
3170           140
3171           144
3172           155
3173           172
3174           150
3175           151
3176           133
3177           143
3178           161
3179           176
3180           150
3181           144
3182           149
3183           176
3184           162
3185           164
3186           155
3187           177
3188           163
3189           171
3190           150
3191           162
3192           167
3193           143
3194           159
3195           186
3196           169
3197           170
3198           157
3199           178
3200           172
3201           150
3202           173
3203           176
3204           193
3205           156
3206           177
3207           209
3208           197
3209           178
3210           169
3211           161
3212           166
3213           185
3214           184
3215           194
3216           184
3217           234
3218           188
3219           232
3220           240
3221           254
3222           236
3223           246
3224           293
3225           284
3226           286
3227           260
3228           232
3229           187
3230           165
3231           120
3232           113
3233           110
3234            95
3235            91
3236            81
3237            94
3238            95
3239            85
3240            65
3241            70
3242            73
3243            99
3244            84
3245            88
3246            92
3247            93
3248            79
3249            89
3250            81
3251            97
3252            88
3253           103
3254            84
3255            77
3256            82
3257            62
3258            86
3259            69
3260            83
3261            74
3262            85
3263            77
3264            83
3265            84
3266            81
3267            73
3268            66
3269            70
3270            80
3271            90
3272            74
3273            79
3274            99
3275            73
3276            77
3277            77
3278            82
3279            74
3280            66
3281            73
3282            83
3283            74
3284            81
3285            80
3286            75
3287            67
3288            79
3289            95
3290            82
3291            71
3292            79
3293            70
3294            77
3295            73
3296            72
3297           101
3298            71
3299            76
3300            95
3301            91
3302            81
3303            85
3304            82
3305            94
3306            67
3307            92
3308            89
3309            91
3310            87
3311            79
3312            74
3313            71
3314            63
3315            66
3316            52
3317            56
3318            55
3319            69
3320            61
3321            55
3322            49
3323            51
3324            49
3325            58
3326            59
3327            68
3328            52
3329            72
3330            63
3331            62
3332            75
3333            64
3334            56
3335            51
3336            50
3337            64
3338            58
3339            47
3340            68
3341            57
3342            50
3343            59
3344            57
3345            54
3346            56
3347            47
3348            63
3349            40
3350            67
3351            50
3352            68
3353            70
3354            79
3355            46
3356            75
3357            58
3358            66
3359            69
3360            52
3361            58
3362            59
3363            49
3364            51
3365            42
3366            65
3367            72
3368            47
3369            59
3370            61
3371            66
3372            70
3373            63
3374            73
3375            82
3376            84
3377            76
3378            87
3379            89
3380            86
3381           109
3382           134
3383           169
3384           217
3385           257
3386           274
3387           249
3388           256
3389           152
3390           126
3391            86
3392            74
3393            59
3394            73
3395            46
3396            51
3397            55
3398            64
3399            52
3400            53
3401            47
3402            55
3403            48
3404            55
3405            68
3406            49
3407            47
3408            42
3409            45
3410            53
3411            54
3412            57
3413            64
3414            51
3415            39
3416            61
3417            44
3418            56
3419            42
3420            57
3421            61
3422            60
3423            55
3424            52
3425            55
3426            52
3427            60
3428            37
3429            49
3430            53
3431            33
3432            46
3433            55
3434            59
3435            55
3436            39
3437            44
3438            52
3439            58
3440            49
3441            46
3442            43
3443            43
3444            53
3445            45
3446            43
3447            46
3448            53
3449            40
3450            52
3451            43
3452            46
3453            37
3454            50
3455            55
3456            46
3457            32
3458            46
3459            46
3460            62
3461            46
3462            65
3463            52
3464            61
3465            54
3466            43
3467            46
3468            50
3469            48
3470            46
3471            47
3472            52
3473            44
3474            49
3475            44
3476            63
3477            48
3478            44
3479            42
3480            48
3481            41
3482            37
3483            46
3484            44
3485            48
3486            48
3487            46
3488            37
3489            38
3490            51
3491            45
3492            34
3493            40
3494            47
3495            47
3496            41
3497            55
3498            42
3499            46
3500            54
3501            46
3502            34
3503            53
3504            49
3505            36
3506            58
3507            45
3508            36
3509            42
3510            53
3511            44
3512            49
3513            58
3514            41
3515            36
3516            38
3517            51
3518            41
3519            55
3520            52
3521            53
3522            46
3523            50
3524            47
3525            41
3526            39
3527            67
3528            51
3529            58
3530            52
3531            70
3532            94
3533            76
3534            83
3535            83
3536            62
3537            72
3538            53
3539            37
3540            46
3541            34
3542            42
3543            43
3544            50
3545            33
3546            50
3547            39
3548            40
3549            34
3550            36
3551            51
3552            37
3553            44
3554            37
3555            31
3556            31
3557            35
3558            37
3559            42
3560            50
3561            30
3562            37
3563            52
3564            42
3565            35
3566            41
3567            47
3568            31
3569            32
3570            43
3571            42
3572            35
3573            38
3574            45
3575            41
3576            54
3577            58
3578            67
3579            63
3580            58
3581            67
3582            53
3583            37
3584            43
3585            45
3586            33
3587            37
3588            51
3589            35
3590            35
3591            38
3592            32
3593            28
3594            48
3595            31
3596            41
3597            30
3598            45
3599            38
3600            37
3601            36
3602            30
3603            44
3604            32
3605            33
3606            36
3607            40
3608            22
3609            43
3610            34
3611            29
3612            30
3613            45
3614            34
3615            35
3616            29
3617            35
3618            46
3619            30
3620            39
3621            30
3622            38
3623            27
3624            36
3625            44
3626            29
3627            35
3628            33
3629            30
3630            41
3631            39
3632            33
3633            36
3634            32
3635            37
3636            34
3637            33
3638            48
3639            48
3640            25
3641            34
3642            30
3643            26
3644            46
3645            34
3646            32
3647            35
3648            28
3649            33
3650            36
3651            37
3652            28
3653            35
3654            43
3655            32
3656            42
3657            37
3658            42
3659            48
3660            35
3661            45
3662            31
3663            37
3664            34
3665            31
3666            32
3667            48
3668            40
3669            31
3670            27
3671            35
3672            34
3673            44
3674            42
3675            44
3676            37
3677            44
3678            40
3679            24
3680            42
3681            34
3682            31
3683            31
3684            24
3685            25
3686            31
3687            36
3688            35
3689            21
3690            33
3691            38
3692            27
3693            28
3694            32
3695            25
3696            35
3697            35
3698            42
3699            41
3700            34
3701            36
3702            34
3703            35
3704            18
3705            30
3706            28
3707            28
3708            29
3709            34
3710            34
3711            27
3712            37
3713            23
3714            37
3715            39
3716            25
3717            31
3718            33
3719            18
3720            35
3721            33
3722            29
3723            37
3724            41
3725            33
3726            34
3727            39
3728            52
3729            36
3730            42
3731            27
3732            25
3733            27
3734            30
3735            28
3736            30
3737            32
3738            36
3739            36
3740            34
3741            36
3742            28
3743            32
3744            45
3745            29
3746            33
3747            21
3748            25
3749            20
3750            21
3751            38
3752            38
3753            39
3754            24
3755            30
3756            29
3757            17
3758            29
3759            34
3760            31
3761            30
3762            32
3763            32
3764            27
3765            35
3766            30
3767            27
3768            37
3769            25
3770            23
3771            29
3772            28
3773            38
3774            33
3775            29
3776            39
3777            28
3778            29
3779            24
3780            30
3781            29
3782            28
3783            31
3784            32
3785            29
3786            22
3787            30
3788            28
3789            33
3790            28
3791            31
3792            36
3793            24
3794            26
3795            29
3796            38
3797            21
3798            34
3799            33
3800            24
3801            21
3802            30
3803            31
3804            30
3805            37
3806            25
3807            27
3808            36
3809            25
3810            23
3811            26
3812            29
3813            34
3814            25
3815            19
3816            27
3817            32
3818            24
3819            17
3820            18
3821            31
3822            22
3823            17
3824            32
3825            22
3826            24
3827            26
3828            24
3829            21
3830            35
3831            33
3832            22
3833            38
3834            20
3835            23
3836            33
3837            23
3838            22
3839            30
3840            29
3841            32
3842            28
3843            32
3844            23
3845            23
3846            32
3847            29
3848            23
3849            21
3850            28
3851            22
3852            19
3853            20
3854            28
3855            29
3856            27
3857            20
3858            25
3859            29
3860            16
3861            24
3862            21
3863            30
3864            28
3865            30
3866            25
3867            37
3868            30
3869            24
3870            27
3871            32
3872            26
3873            26
3874            32
3875            17
3876            23
3877            29
3878            31
3879            21
3880            27
3881            24
3882            27
3883            19
3884            22
3885            21
3886            25
3887            24
3888            17
3889            22
3890            25
3891            25
3892            24
3893            24
3894            36
3895            25
3896            30
3897            21
3898            17
3899            20
3900            27
3901            18
3902            25
3903            22
3904            22
3905            28
3906            19
3907            19
3908            31
3909            25
3910            19
3911            29
3912            24
3913            25
3914            22
3915            27
3916            26
3917            25
3918            27
3919            30
3920            21
3921            24
3922            20
3923            18
3924            22
3925            13
3926            21
3927            22
3928            18
3929            24
3930            20
3931            20
3932            26
3933            27
3934            30
3935            17
3936            21
3937            23
3938            33
3939            26
3940            24
3941            25
3942            20
3943            26
3944            40
3945            18
3946            20
3947            22
3948            17
3949            27
3950            17
3951            21
3952            21
3953            21
3954            22
3955            18
3956            25
3957            20
3958            15
3959            17
3960            23
3961            15
3962            24
3963            34
3964            23
3965            27
3966            21
3967            19
3968            34
3969            20
3970            28
3971            21
3972            23
3973            22
3974            16
3975            21
3976            27
3977            27
3978            17
3979            24
3980            22
3981            15
3982            20
3983            20
3984            12
3985            28
3986            21
3987            22
3988            18
3989            17
3990            16
3991            20
3992            28
3993            22
3994            15
3995            23
3996            20
3997            23
3998            21
3999            20
4000            24
4001            23
4002            26
4003            14
4004            25
4005            16
4006            23
4007            25
4008            16
4009            32
4010            18
4011            19
4012            15
4013            19
4014            17
4015            18
4016            16
4017            20
4018            25
4019            27
4020            22
4021            20
4022            20
4023            19
4024            15
4025            19
4026            20
4027            16
4028            19
4029            13
4030            15
4031            13
4032            15
4033            22
4034            28
4035            16
4036            21
4037            18
4038            18
4039            16
4040            17
4041            12
4042            17
4043            27
4044            17
4045            18
4046            19
4047            17
4048            24
4049            18
4050            17
4051            25
4052            17
4053            22
4054            21
4055            21
4056            22
4057            15
4058            15
4059            22
4060            22
4061            13
4062            14
4063            18
4064            22
4065            24
4066            12
4067            17
4068            13
4069            23
4070            20
4071            12
4072            22
4073            15
4074            19
4075            20
4076            15
4077            16
4078            20
4079            18
4080            15
4081            12
4082            16
4083            20
4084            18
4085            10
4086            17
4087            22
4088            12
4089            20
4090            17
4091            16
4092            18
4093            22
4094            17
4095             7
4096            22
4097            14
4098            19
4099            20
4100            18
4101            15
4102            17
4103            16
4104            18
4105            13
4106            14
4107            14
4108            17
4109            18
4110            16
4111            18
4112            14
4113             9
4114            20
4115            22
4116            12
4117            17
4118            26
4119            15
4120            19
4121            23
4122            17
4123            16
4124            14
4125            20
4126            17
4127            16
4128            14
4129            18
4130            13
4131            17
4132            15
4133            11
4134            19
4135            17
4136            18
4137            17
4138            15
4139            11
4140            16
4141            18
4142            13
4143            23
4144            20
4145            13
4146            21
4147            16
4148            18
4149            15
4150            22
4151            16
4152            16
4153            10
4154            14
4155            16
4156            13
4157            15
4158            16
4159            12
4160            14
4161            15
4162            14
4163            25
4164            14
4165            25
4166            26
4167            15
4168            11
4169            20
4170            12
4171            20
4172            18
4173            13
4174            21
4175            19
4176            23
4177            19
4178            21
4179            23
4180            13
4181            25
4182            24
4183            33
4184            33
4185            31
4186            33
4187            32
4188            37
4189            32
4190            19
4191            17
4192            19
4193            26
4194            39
4195            32
4196            46
4197            37
4198            38
4199            40
4200            33
4201            25
4202            14
4203            21
4204            19
4205            15
4206            22
4207            22
4208            22
4209            17
4210            16
4211            19
4212            22
4213            18
4214            17
4215            15
4216            17
4217             8
4218            18
4219            17
4220            20
4221            19
4222            23
4223            31
4224            30
4225            31
4226            18
4227            29
4228            28
4229            14
4230            11
4231            15
4232            13
4233            12
4234            15
4235            19
4236            21
4237            12
4238            20
4239            17
4240            20
4241            21
4242            12
4243            16
4244            14
4245            14
4246            16
4247            10
4248            15
4249            16
4250            15
4251            17
4252            21
4253            19
4254            14
4255            13
4256            18
4257            16
4258            21
4259            16
4260            15
4261            11
4262            23
4263            12
4264            19
4265             9
4266            17
4267            15
4268            12
4269            16
4270            14
4271            16
4272            14
4273            13
4274             6
4275             9
4276            13
4277            13
4278            16
4279            14
4280            18
4281            15
4282            18
4283            16
4284            18
4285            14
4286            18
4287             8
4288            12
4289            15
4290            10
4291            10
4292            11
4293            12
4294            22
4295            18
4296             9
4297            11
4298            14
4299            14
4300            12
4301            21
4302            19
4303            11
4304            14
4305            11
4306            15
4307            16
4308            14
4309            22
4310            15
4311            16
4312             9
4313            14
4314             9
4315            17
4316            11
4317            15
4318             7
4319            13
4320            15
4321            11
4322             8
4323             9
4324            14
4325            18
4326            13
4327            15
4328            17
4329             8
4330            19
4331            23
4332            19
4333            18
4334            11
4335            14
4336            15
4337            14
4338            12
4339            17
4340            15
4341            11
4342            10
4343            14
4344             7
4345            13
4346            17
4347            16
4348            10
4349            16
4350            11
4351            11
4352            12
4353            11
4354            16
4355            18
4356            21
4357            17
4358            16
4359            12
4360            12
4361            18
4362            13
4363            17
4364            13
4365            17
4366            13
4367            19
4368            15
4369            12
4370            10
4371            10
4372            10
4373            16
4374             5
4375            18
4376            12
4377            24
4378            13
4379            15
4380            13
4381            15
4382            16
4383            24
4384            14
4385             7
4386            14
4387            12
4388            16
4389            21
4390            19
4391            16
4392            16
4393            12
4394            19
4395            22
4396            14
4397             9
4398            13
4399            13
4400            17
4401            19
4402            19
4403            23
4404            16
4405            25
4406            26
4407            39
4408            28
4409            42
4410            34
4411            30
4412            29
4413            23
4414            15
4415            19
4416            14
4417            13
4418             7
4419            12
4420            20
4421            13
4422            12
4423            13
4424            10
4425            11
4426             9
4427            13
4428            10
4429            14
4430            14
4431             7
4432            15
4433            16
4434            11
4435            10
4436             8
4437             6
4438             9
4439             8
4440            14
4441             8
4442            16
4443            11
4444             9
4445             3
4446            11
4447            10
4448            14
4449             7
4450            18
4451             5
4452             8
4453            10
4454            13
4455             9
4456            12
4457             9
4458            16
4459             5
4460            10
4461            17
4462             7
4463            10
4464            10
4465             6
4466            12
4467            13
4468            11
4469            10
4470             6
4471             7
4472             8
4473            11
4474            13
4475             9
4476             6
4477            11
4478             9
4479            11
4480             6
4481            14
4482             7
4483            10
4484             8
4485            13
4486            12
4487            11
4488            11
4489            10
4490            11
4491             9
4492             8
4493            12
4494            11
4495             9
4496             8
4497             3
4498             9
4499             8
4500            12
4501             8
4502            11
4503             4
4504             8
4505            12
4506             6
4507             9
4508             4
4509            13
4510            11
4511             8
4512            14
4513            14
4514             9
4515             9
4516             6
4517             8
4518             8
4519             7
4520            16
4521            13
4522             9
4523             7
4524             7
4525             8
4526             4
4527             8
4528            14
4529            12
4530             9
4531             8
4532            12
4533            13
4534             8
4535            10
4536            13
4537            10
4538             9
4539             6
4540            11
4541             8
4542             8
4543             7
4544            10
4545            12
4546            15
4547            10
4548            14
4549            12
4550             6
4551             6
4552            11
4553             9
4554             5
4555            11
4556             8
4557             6
4558             6
4559             5
4560            12
4561             8
4562             5
4563            10
4564             4
4565            11
4566            10
4567            10
4568            10
4569             6
4570             8
4571             7
4572            10
4573             7
4574             8
4575            15
4576             3
4577             7
4578             6
4579             8
4580            10
4581            13
4582            13
4583            10
4584             6
4585            12
4586             8
4587             6
4588            10
4589            13
4590             8
4591             7
4592             6
4593            11
4594            13
4595            10
4596            11
4597             3
4598            10
4599             3
4600             7
4601             6
4602             8
4603             5
4604            10
4605            11
4606             9
4607            10
4608             6
4609             8
4610             9
4611            10
4612            10
4613            11
4614             5
4615             4
4616             6
4617             5
4618             9
4619             1
4620             9
4621             8
4622             8
4623             8
4624             5
4625             7
4626             7
4627            10
4628             9
4629             5
4630            11
4631             4
4632             5
4633             8
4634             8
4635             5
4636            11
4637             5
4638             7
4639            14
4640             5
4641             7
4642             9
4643            11
4644            13
4645             3
4646             8
4647             6
4648             3
4649             5
4650             4
4651             7
4652             7
4653             6
4654             7
4655            11
4656             6
4657             8
4658             3
4659             7
4660             7
4661             8
4662             8
4663            10
4664             5
4665             9
4666             6
4667             8
4668             6
4669            11
4670             6
4671             6
4672             9
4673             8
4674             9
4675             4
4676             7
4677            10
4678             7
4679             6
4680             6
4681            10
4682             9
4683             3
4684            11
4685             9
4686             8
4687             4
4688             8
4689             7
4690            11
4691             3
4692             7
4693             9
4694             9
4695             8
4696             2
4697             6
4698             4
4699            16
4700             9
4701             5
4702            10
4703             5
4704            12
4705             8
4706             6
4707             6
4708             5
4709             7
4710             8
4711             8
4712            10
4713             9
4714             7
4715             9
4716            10
4717             9
4718             6
4719             8
4720             6
4721            10
4722             9
4723             6
4724             6
4725             9
4726             7
4727            13
4728             5
4729             7
4730             6
4731            12
4732             8
4733             6
4734            10
4735             6
4736            13
4737             7
4738            10
4739             4
4740            10
4741             8
4742             7
4743            13
4744             6
4745             5
4746             2
4747             3
4748             5
4749             6
4750             6
4751             5
4752            12
4753             7
4754             8
4755             8
4756             8
4757            11
4758             8
4759             8
4760             8
4761            11
4762             5
4763             5
4764             9
4765             8
4766             6
4767             9
4768             7
4769             6
4770            12
4771             9
4772             7
4773             7
4774            12
4775             9
4776             9
4777            13
4778            12
4779            12
4780            12
4781            15
4782             6
4783            10
4784             6
4785             6
4786             8
4787             6
4788             9
4789             9
4790             8
4791             2
4792             6
4793             4
4794             8
4795             7
4796             4
4797             5
4798             6
4799             2
4800             5
4801             2
4802             7
4803             6
4804             4
4805             3
4806             4
4807             8
4808            10
4809             1
4810             6
4811             6
4812             7
4813             5
4814             2
4815             4
4816             7
4817             3
4818             5
4819             4
4820             7
4821             5
4822             3
4823             9
4824             7
4825             8
4826             6
4827             5
4828             6
4829             9
4830             1
4831             3
4832             6
4833             5
4834             4
4835             4
4836             5
4837             4
4838             6
4839             3
4840             6
4841             3
4842             3
4843             6
4844             2
4845             5
4846             6
4847             2
4848             3
4849            12
4850             7
4851             7
4852             8
4853             7
4854             5
4855             4
4856             6
4857             4
4858             2
4859             9
4860             7
4861             7
4862             7
4863             7
4864             3
4865             4
4866             2
4867             5
4868             7
4869             8
4870             7
4871            10
4872             6
4873             2
4874             1
4875             4
4876             4
4877             6
4878             3
4879             0
4880             6
4881             3
4882             3
4883             7
4884             3
4885             5
4886             5
4887             5
4888             2
4889             5
4890             4
4891             6
4892             8
4893             6
4894             5
4895             3
4896             5
4897            11
4898             5
4899             4
4900            10
4901             6
4902             2
4903             7
4904             7
4905             3
4906             6
4907             3
4908             3
4909             4
4910             4
4911             1
4912             2
4913             6
4914             3
4915             3
4916             0
4917             9
4918             6
4919             4
4920             2
4921             2
4922             4
4923             2
4924             5
4925             2
4926             5
4927             3
4928             3
4929             5
4930             1
4931             4
4932             1
4933             2
4934             4
4935             5
4936             2
4937             4
4938             5
4939             2
4940             2
4941             6
4942             2
4943             7
4944             5
4945             3
4946             3
4947             3
4948             6
4949             5
4950             4
4951             2
4952             3
4953             2
4954             3
4955             3
4956             0
4957             1
4958             3
4959             5
4960             8
4961             5
4962             1
4963             4
4964             5
4965             3
4966             4
4967             3
4968             4
4969             2
4970             2
4971             5
4972             2
4973             4
4974             5
4975             3
4976             2
4977             2
4978             2
4979             3
4980             4
4981             2
4982             8
4983            10
4984             9
4985             9
4986             5
4987             8
4988             7
4989             5
4990             4
4991             3
4992             6
4993             2
4994             7
4995             6
4996             2
4997             4
4998             5
4999             2
5000             2
5001             5
5002             2
5003             3
5004             7
5005             4
5006             2
5007             2
5008             1
5009             8
5010             1
5011             4
5012            11
5013             8
5014             3
5015            11
5016            11
5017            15
5018             8
5019            15
5020             8
5021             4
5022             4
5023             8
5024             5
5025             1
5026             2
5027             4
5028             2
5029             4
5030             2
5031             3
5032             1
5033             2
5034             3
5035             2
5036             1
5037             2
5038             4
5039             4
5040             4
5041             1
5042             0
5043             5
5044             0
5045             5
5046             3
5047             1
5048             3
5049             0
5050             2
5051             0
5052             2
5053             2
5054             6
5055             7
5056             2
5057             2
5058             1
5059             2
5060             2
5061             3
5062             1
5063             1
5064             3
5065             6
5066             3
5067             0
5068             4
5069             2
5070             4
5071             2
5072             5
5073             0
5074             1
5075             3
5076             4
5077             1
5078             2
5079             3
5080             0
5081             2
5082             6
5083             2
5084             1
5085             3
5086             0
5087             0
5088             4
5089             0
5090             2
5091             2
5092             3
5093             2
5094             5
5095             1
5096             3
5097             5
5098             1
5099             1
5100             1
5101             1
5102             1
5103             1
5104             1
5105             2
5106             1
5107             1
5108             0
5109             3
5110             1
5111             2
5112             3
5113             2
5114             4
5115             2
5116             1
5117             1
5118             2
5119             2
5120             2
5121             2
5122             2
5123             5
5124             3
5125             2
5126             2
5127             3
5128             4
5129             1
5130             0
5131             3
5132             0
5133             1
5134             1
5135             3
5136             2
5137             2
5138             1
5139             3
5140             2
5141             3
5142             8
5143             3
5144             2
5145             4
5146             3
5147             3
5148             2
5149             3
5150             2
5151             3
5152             1
5153             1
5154             4
5155             3
5156             2
5157             8
5158             3
5159             4
5160             1
5161             4
5162             0
5163             6
5164             5
5165             2
5166             4
5167             3
5168             3
5169             4
5170             1
5171             0
5172             0
5173             1
5174             4
5175             2
5176             0
5177             2
5178             0
5179             4
5180             1
5181             2
5182             0
5183             1
5184             2
5185             2
5186             2
5187             0
5188             1
5189             2
5190             0
5191             3
5192             2
5193             2
5194             2
5195             0
5196             1
5197             2
5198             2
5199             1
5200             2
5201             3
5202             1
5203             4
5204             1
5205             2
5206             5
5207             0
5208             1
5209             1
5210             2
5211             2
5212             2
5213             5
5214             1
5215             3
5216             2
5217             1
5218             2
5219             3
5220             2
5221             4
5222             5
5223             1
5224            13
5225             9
5226            16
5227            13
5228            21
5229            25
5230            18
5231            40
5232            50
5233            42
5234            46
5235            28
5236            17
5237             9
5238            13
5239             4
5240             2
5241             1
5242             2
5243             3
5244             1
5245             1
5246             5
5247             3
5248             4
5249             1
5250             2
5251             1
5252             1
5253             0
5254             1
5255             2
5256             0
5257             1
5258             2
5259             0
5260             0
5261             3
5262             1
5263             0
5264             2
5265             1
5266             1
5267             0
5268             2
5269             1
5270             2
5271             4
5272             0
5273             3
5274             2
5275             0
5276             1
5277             3
5278             2
5279             2
5280             0
5281             1
5282             2
5283             0
5284             2
5285             1
5286             3
5287             0
5288             0
5289             2
5290             0
5291             4
5292             0
5293             2
5294             1
5295             0
5296             0
5297             0
5298             1
5299             0
5300             2
5301             0
5302             3
5303             1
5304             1
5305             5
5306             0
5307             1
5308             6
5309             0
5310             4
5311             5
5312             2
5313             1
5314             1
5315             2
5316             1
5317             0
5318             2
5319             1
5320             4
5321             0
5322             1
5323             2
5324             0
5325             0
5326             1
5327             0
5328             0
5329             0
5330             1
5331             0
5332             3
5333             0
5334             5
5335             0
5336             1
5337             1
5338             0
5339             0
5340             0
5341             0
5342             0
5343             3
5344             1
5345             3
5346             0
5347             1
5348             1
5349             2
5350             1
5351             0
5352             0
5353             0
5354             1
5355             1
5356             0
5357             1
5358             0
5359             1
5360             0
5361             0
5362             1
5363             3
5364             0
5365             1
5366             4
5367             3
5368             1
5369             1
5370             0
5371             2
5372             2
5373             0
5374             2
5375             2
5376             0
5377             0
5378             0
5379             1
5380             0
5381             2
5382             1
5383             0
5384             1
5385             1
5386             1
5387             0
5388             0
5389             1
5390             3
5391             1
5392             1
5393             0
5394             1
5395             2
5396             0
5397             0
5398             1
5399             2
5400             2
5401             0
5402             0
5403             0
5404             2
5405             3
5406             1
5407             0
5408             3
5409             1
5410             1
5411             0
5412             0
5413             3
5414             0
5415             1
5416             0
5417             0
5418             2
5419             1
5420             0
5421             0
5422             1
5423             0
5424             0
5425             1
5426             1
5427             0
5428             0
5429             1
5430             1
5431             2
5432             1
5433             1
5434             1
5435             1
5436             1
5437             0
5438             1
5439             0
5440             0
5441             0
5442             1
5443             2
5444             1
5445             0
5446             1
5447             0
5448             0
5449             1
5450             1
5451             0
5452             0
5453             1
5454             0
5455             1
5456             1
5457             0
5458             0
5459             0
5460             1
5461             1
5462             0
5463             0
5464             1
5465             0
5466             2
5467             0
5468             0
5469             1
5470             0
5471             0
5472             1
5473             0
5474             0
5475             0
5476             0
5477             1
5478             0
5479             0
5480             0
5481             1
5482             2
5483             3
5484             1
5485             1
5486             1
5487             0
5488             1
5489             0
5490             0
5491             3
5492             0
5493             1
5494             0
5495             1
5496             2
5497             1
5498             0
5499             0
5500             1
5501             0
5502             0
5503             2
5504             0
5505             2
5506             2
5507             0
5508             2
5509             1
5510             1
5511             2
5512             0
5513             2
5514             1
5515             4
5516             2
5517             0
5518             1
5519             1
5520             0
5521             1
5522             1
5523             1
5524             1
5525             1
5526             1
5527             0
5528             0
5529             0
5530             0
5531             0
5532             0
5533             0
5534             0
5535             0
5536             1
5537             1
5538             1
5539             1
5540             1
5541             0
5542             1
5543             1
5544             0
5545             0
5546             0
5547             0
5548             2
5549             0
5550             1
5551             0
5552             0
5553             1
5554             0
5555             1
5556             0
5557             1
5558             0
5559             0
5560             0
5561             0
5562             0
5563             1
5564             1
5565             1
5566             0
5567             0
5568             2
5569             0
5570             0
5571             0
5572             0
5573             0
5574             0
5575             0
5576             1
5577             2
5578             2
5579             1
5580             0
5581             0
5582             1
5583             0
5584             0
5585             1
5586             0
5587             2
5588             1
5589             0
5590             0
5591             1
5592             0
5593             1
5594             1
5595             0
5596             3
5597             0
5598             0
5599             2
5600             0
5601             0
5602             0
5603             0
5604             0
5605             0
5606             0
5607             1
5608             0
5609             0
5610             1
5611             1
5612             2
5613             0
5614             1
5615             1
5616             0
5617             0
5618             0
5619             0
5620             0
5621             0
5622             1
5623             0
5624             1
5625             0
5626             2
5627             0
5628             0
5629             2
5630             0
5631             0
5632             1
5633             0
5634             0
5635             0
5636             1
5637             0
5638             1
5639             1
5640             1
5641             1
5642             0
5643             0
5644             1
5645             0
5646             0
5647             0
5648             0
5649             0
5650             1
5651             0
5652             0
5653             1
5654             1
5655             0
5656             0
5657             1
5658             1
5659             0
5660             0
5661             0
5662             0
5663             0
5664             0
5665             0
5666             0
5667             0
5668             0
5669             0
5670             0
5671             0
5672             0
5673             0
5674             0
5675             0
5676             0
5677             1
5678             0
5679             1
5680             0
5681             0
5682             1
5683             0
5684             0
5685             1
5686             1
5687             1
5688             1
5689             0
5690             0
5691             1
5692             0
5693             1
5694             0
5695             0
5696             2
5697             0
5698             0
5699             0
5700             1
5701             0
5702             0
5703             0
5704             0
5705             2
5706             0
5707             0
5708             0
5709             1
5710             0
5711             1
5712             1
5713             1
5714             1
5715             2
5716             0
5717             0
5718             1
5719             0
5720             1
5721             2
5722             0
5723             0
5724             0
5725             1
5726             0
5727             0
5728             1
5729             0
5730             1
5731             0
5732             2
5733             1
5734             0
5735             0
5736             0
5737             2
5738             0
5739             1
5740             1
5741             0
5742             1
5743             0
5744             0
5745             1
5746             1
5747             0
5748             0
5749             1
5750             0
5751             0
5752             1
5753             0
5754             2
5755             0
5756             1
5757             1
5758             0
5759             0
5760             2
5761             0
5762             0
5763             0
5764             1
5765             1
5766             0
5767             0
5768             0
5769             1
5770             2
5771             1
5772             0
5773             0
5774             0
5775             0
5776             0
5777             1
5778             0
5779             0
5780             0
5781             0
5782             1
5783             1
5784             2
5785             2
5786             1
5787             0
5788             0
5789             0
5790             0
5791             1
5792             0
5793             1
5794             1
5795             0
5796             0
5797             0
5798             1
5799             0
5800             0
5801             0
5802             2
5803             1
5804             1
5805             0
5806             0
5807             0
5808             1
5809             0
5810             0
5811             1
5812             0
5813             0
5814             0
5815             0
5816             0
5817             0
5818             0
5819             0
5820             1
5821             1
5822             0
5823             0
5824             1
5825             0
5826             0
5827             0
5828             0
5829             0
5830             1
5831             0
5832             1
5833             1
5834             0
5835             2
5836             0
5837             0
5838             0
5839             0
5840             0
5841             0
5842             2
5843             0
5844             0
5845             0
5846             0
5847             0
5848             1
5849             0
5850             0
5851             0
5852             0
5853             1
5854             0
5855             0
5856             0
5857             0
5858             1
5859             2
5860             0
5861             1
5862             0
5863             0
5864             0
5865             1
5866             0
5867             1
5868             0
5869             1
5870             0
5871             0
5872             2
5873             1
5874             0
5875             0
5876             0
5877             0
5878             0
5879             0
5880             0
5881             0
5882             1
5883             0
5884             0
5885             0
5886             0
5887             0
5888             0
5889             0
5890             1
5891             0
5892             0
5893             0
5894             2
5895             0
5896             1
5897             0
5898             1
5899             0
5900             1
5901             0
5902             0
5903             0
5904             2
5905             0
5906             0
5907             0
5908             0
5909             0
5910             1
5911             1
5912             1
5913             1
5914             0
5915             1
5916             1
5917             0
5918             0
5919             0
5920             3
5921             0
5922             0
5923             0
5924             0
5925             1
5926             1
5927             0
5928             0
5929             0
5930             0
5931             0
5932             0
5933             0
5934             0
5935             0
5936             0
5937             0
5938             1
5939             0
5940             0
5941             0
5942             0
5943             0
5944             0
5945             0
5946             0
5947             1
5948             0
5949             0
5950             1
5951             1
5952             0
5953             0
5954             0
5955             0
5956             0
5957             0
5958             0
5959             0
5960             0
5961             0
5962             0
5963             0
5964             0
5965             0
5966             1
5967             0
5968             1
5969             0
5970             1
5971             0
5972             1
5973             0
5974             0
5975             0
5976             0
5977             0
5978             1
5979             0
5980             0
5981             1
5982             1
5983             0
5984             0
5985             0
5986             0
5987             0
5988             1
5989             1
5990             0
5991             0
5992             0
5993             0
5994             0
5995             0
5996             0
5997             1
5998             1
5999             1
6000             1
6001             1
6002             0
6003             0
6004             0
6005             0
6006             1
6007             0
6008             1
6009             0
6010             1
6011             1
6012             0
6013             0
6014             0
6015             0
6016             0
6017             0
6018             0
6019             0
6020             0
6021             0
6022             0
6023             0
6024             0
6025             0
6026             0
6027             0
6028             0
6029             1
6030             3
6031             0
6032             0
6033             2
6034             0
6035             1
6036             0
6037             0
6038             0
6039             0
6040             0
6041             0
6042             0
6043             0
6044             0
6045             0
6046             0
6047             0
6048             0
6049             0
6050             0
6051             0
6052             0
6053             0
6054             1
6055             0
6056             0
6057             1
6058             0
6059             0
6060             0
6061             1
6062             0
6063             0
6064             0
6065             0
6066             0
6067             0
6068             1
6069             1
6070             0
6071             0
6072             0
6073             1
6074             0
6075             0
6076             0
6077             0
6078             1
6079             0
6080             1
6081             0
6082             0
6083             0
6084             0
6085             0
6086             0
6087             0
6088             0
6089             0
6090             1
6091             1
6092             0
6093             0
6094             0
6095             1
6096             0
6097             0
6098             0
6099             0
6100             0
6101             0
6102             0
6103             0
6104             1
6105             0
6106             0
6107             0
6108             1
6109             0
6110             0
6111             0
6112             0
6113             0
6114             0
6115             0
6116             0
6117             0
6118             1
6119             0
6120             0
6121             1
6122             0
6123             0
6124             1
6125             0
6126             0
6127             0
6128             0
6129             0
6130             0
6131             0
6132             1
6133             1
6134             0
6135             1
6136             0
6137             0
6138             2
6139             0
6140             0
6141             0
6142             1
6143             0
6144             0
6145             0
6146             0
6147             0
6148             0
6149             0
6150             1
6151             0
6152             1
6153             0
6154             0
6155             1
6156             0
6157             0
6158             0
6159             0
6160             1
6161             0
6162             0
6163             0
6164             0
6165             0
6166             0
6167             1
6168             0
6169             0
6170             2
6171             0
6172             0
6173             1
6174             0
6175             0
6176             0
6177             0
6178             0
6179             1
6180             0
6181             0
6182             0
6183             0
6184             0
6185             2
6186             0
6187             1
6188             0
6189             0
6190             0
6191             0
6192             0
6193             0
6194             0
6195             0
6196             0
6197             0
6198             0
6199             0
6200             0
6201             0
6202             0
6203             0
6204             0
6205             0
6206             0
6207             0
6208             0
6209             0
6210             0
6211             0
6212             0
6213             0
6214             0
6215             0
6216             0
6217             0
6218             0
6219             0
6220             0
6221             0
6222             0
6223             0
6224             0
6225             0
6226             0
6227             0
6228             0
6229             0
6230             0
6231             0
6232             0
6233             1
6234             0
6235             0
6236             0
6237             0
6238             0
6239             0
6240             0
6241             0
6242             1
6243             0
6244             1
6245             0
6246             0
6247             0
6248             0
6249             0
6250             0
6251             0
6252             0
6253             0
6254             0
6255             0
6256             0
6257             0
6258             1
6259             0
6260             0
6261             0
6262             1
6263             0
6264             0
6265             0
6266             0
6267             0
6268             1
6269             0
6270             0
6271             0
6272             0
6273             0
6274             0
6275             0
6276             1
6277             0
6278             0
6279             0
6280             0
6281             0
6282             0
6283             0
6284             0
6285             0
6286             0
6287             0
6288             0
6289             0
6290             0
6291             0
6292             1
6293             0
6294             0
6295             0
6296             0
6297             0
6298             0
6299             0
6300             0
6301             0
6302             0
6303             0
6304             0
6305             0
6306             0
6307             0
6308             1
6309             0
6310             0
6311             0
6312             0
6313             1
6314             0
6315             0
6316             0
6317             0
6318             0
6319             0
6320             0
6321             0
6322             0
6323             0
6324             0
6325             0
6326             0
6327             0
6328             0
6329             0
6330             1
6331             0
6332             0
6333             2
6334             0
6335             0
6336             0
6337             0
6338             0
6339             0
6340             0
6341             0
6342             0
6343             0
6344             0
6345             0
6346             0
6347             0
6348             0
6349             0
6350             0
6351             0
6352             0
6353             0
6354             0
6355             0
6356             0
6357             0
6358             0
6359             0
6360             0
6361             0
6362             0
6363             0
6364             0
6365             0
6366             0
6367             0
6368             1
6369             1
6370             0
6371             0
6372             0
6373             0
6374             0
6375             0
6376             0
6377             0
6378             0
6379             0
6380             0
6381             0
6382             0
6383             0
6384             0
6385             0
6386             0
6387             0
6388             0
6389             0
6390             0
6391             0
6392             0
6393             0
6394             0
6395             0
6396             1
6397             0
6398             0
6399             0
6400             0
6401             0
6402             0
6403             1
6404             0
6405             0
6406             0
6407             0
6408             1
6409             0
6410             0
6411             0
6412             0
6413             0
6414             0
6415             0
6416             0
6417             0
6418             0
6419             0
6420             0
6421             0
6422             0
6423             0
6424             0
6425             0
6426             0
6427             0
6428             2
6429             0
6430             0
6431             0
6432             0
6433             0
6434             0
6435             0
6436             0
6437             1
6438             0
6439             1
6440             0
6441             0
6442             1
6443             0
6444             0
6445             0
6446             0
6447             0
6448             0
6449             1
6450             0
6451             0
6452             0
6453             0
6454             0
6455             1
6456             0
6457             0
6458             0
6459             0
6460             0
6461             0
6462             1
6463             0
6464             0
6465             0
6466             1
6467             0
6468             0
6469             0
6470             0
6471             1
6472             0
6473             0
6474             0
6475             1
6476             0
6477             0
6478             0
6479             0
6480             0
6481             0
6482             0
6483             0
6484             1
6485             0
6486             0
6487             0
6488             0
6489             0
6490             1
6491             0
6492             1
6493             0
6494             0
6495             1
6496             0
6497             0
6498             0
6499             0
6500             0
6501             0
6502             0
6503             0
6504             0
6505             0
6506             0
6507             0
6508             0
6509             0
6510             0
6511             0
6512             0
6513             0
6514             0
6515             0
6516             0
6517             0
6518             0
6519             1
6520             0
6521             0
6522             0
6523             0
6524             0
6525             1
6526             0
6527             0
6528             1
6529             0
6530             0
6531             1
6532             0
6533             0
6534             0
6535             1
6536             0
6537             0
6538             0
6539             0
6540             0
6541             0
6542             0
6543             0
6544             0
6545             0
6546             0
6547             0
6548             0
6549             0
6550             0
6551             0
6552             0
6553             0
6554             0
6555             0
6556             0
6557             0
6558             0
6559             1
6560             0
6561             0
6562             0
6563             0
6564             0
6565             0
6566             0
6567             0
6568             0
6569             0
6570             0
6571             0
6572             0
6573             0
6574             0
6575             0
6576             0
6577             0
6578             0
6579             0
6580             0
6581             1
6582             0
6583             2
6584             0
6585             0
6586             0
6587             0
6588             0
6589             0
6590             0
6591             0
6592             0
6593             0
6594             0
6595             0
6596             0
6597             0
6598             0
6599             0
6600             0
6601             0
6602             0
6603             0
6604             0
6605             0
6606             0
6607             0
6608             0
6609             0
6610             0
6611             0
6612             0
6613             0
6614             0
6615             0
6616             0
6617             0
6618             0
6619             0
6620             0
6621             0
6622             0
6623             0
6624             0
6625             0
6626             0
6627             0
6628             0
6629             0
6630             0
6631             0
6632             0
6633             1
6634             0
6635             0
6636             0
6637             0
6638             0
6639             0
6640             0
6641             0
6642             0
6643             0
6644             0
6645             0
6646             1
6647             0
6648             0
6649             0
6650             0
6651             0
6652             0
6653             0
6654             0
6655             0
6656             0
6657             1
6658             0
6659             0
6660             0
6661             0
6662             0
6663             0
6664             0
6665             0
6666             0
6667             0
6668             0
6669             0
6670             0
6671             0
6672             0
6673             0
6674             1
6675             1
6676             0
6677             0
6678             0
6679             0
6680             0
6681             0
6682             0
6683             0
6684             0
6685             0
6686             0
6687             0
6688             0
6689             1
6690             1
6691             0
6692             1
6693             0
6694             0
6695             0
6696             1
6697             0
6698             0
6699             1
6700             0
6701             0
6702             0
6703             0
6704             0
6705             0
6706             0
6707             0
6708             0
6709             0
6710             0
6711             0
6712             0
6713             0
6714             0
6715             1
6716             0
6717             0
6718             0
6719             0
6720             0
6721             0
6722             0
6723             1
6724             0
6725             2
6726             0
6727             0
6728             0
6729             0
6730             0
6731             0
6732             0
6733             0
6734             0
6735             0
6736             0
6737             1
6738             0
6739             0
6740             0
6741             0
6742             1
6743             0
6744             0
6745             0
6746             0
6747             0
6748             0
6749             0
6750             0
6751             0
6752             0
6753             0
6754             0
6755             0
6756             0
6757             0
6758             0
6759             0
6760             0
6761             0
6762             0
6763             0
6764             0
6765             0
6766             0
6767             0
6768             0
6769             0
6770             0
6771             0
6772             0
6773             0
6774             0
6775             0
6776             0
6777             0
6778             0
6779             0
6780             0
6781             0
6782             0
6783             0
6784             1
6785             0
6786             0
6787             0
6788             0
6789             0
6790             0
6791             1
6792             0
6793             0
6794             0
6795             0
6796             0
6797             0
6798             0
6799             0
6800             0
6801             0
6802             0
6803             0
6804             0
6805             0
6806             0
6807             0
6808             0
6809             0
6810             0
6811             0
6812             0
6813             0
6814             0
6815             0
6816             0
6817             0
6818             0
6819             0
6820             0
6821             1
6822             0
6823             0
6824             0
6825             0
6826             0
6827             0
6828             0
6829             0
6830             0
6831             0
6832             0
6833             0
6834             0
6835             0
6836             0
6837             0
6838             0
6839             0
6840             1
6841             0
6842             1
6843             0
6844             1
6845             0
6846             0
6847             0
6848             0
6849             0
6850             0
6851             0
6852             0
6853             0
6854             0
6855             0
6856             0
6857             0
6858             0
6859             0
6860             0
6861             0
6862             0
6863             0
6864             1
6865             0
6866             0
6867             0
6868             0
6869             0
6870             2
6871             0
6872             0
6873             0
6874             0
6875             0
6876             0
6877             0
6878             0
6879             0
6880             0
6881             1
6882             0
6883             0
6884             0
6885             0
6886             0
6887             0
6888             0
6889             0
6890             0
6891             0
6892             0
6893             0
6894             1
6895             0
6896             0
6897             0
6898             0
6899             0
6900             0
6901             0
6902             0
6903             0
6904             0
6905             0
6906             0
6907             0
6908             0
6909             0
6910             0
6911             0
6912             0
6913             0
6914             0
6915             0
6916             0
6917             0
6918             0
6919             0
6920             0
6921             0
6922             0
6923             1
6924             0
6925             0
6926             0
6927             0
6928             0
6929             0
6930             0
6931             0
6932             0
6933             0
6934             0
6935             0
6936             0
6937             0
6938             1
6939             0
6940             0
6941             0
6942             0
6943             0
6944             0
6945             0
6946             0
6947             0
6948             0
6949             0
6950             0
6951             0
6952             0
6953             0
6954             0
6955             0
6956             0
6957             0
6958             0
6959             0
6960             0
6961             1
6962             0
6963             0
6964             0
6965             0
6966             0
6967             0
6968             1
6969             0
6970             0
6971             0
6972             1
6973             0
6974             0
6975             0
6976             0
6977             0
6978             0
6979             0
6980             0
6981             0
6982             0
6983             1
6984             0
6985             0
6986             0
6987             0
6988             0
6989             0
6990             0
6991             1
6992             0
6993             0
6994             0
6995             0
6996             0
6997             0
6998             0
6999             0
7000             0
7001             0
7002             0
7003             0
7004             0
7005             0
7006             1
7007             0
7008             0
7009             0
7010             0
7011             0
7012             0
7013             0
7014             0
7015             0
7016             0
7017             1
7018             0
7019             0
7020             1
7021             0
7022             0
7023             0
7024             0
7025             0
7026             0
7027             0
7028             0
7029             0
7030             0
7031             1
7032             0
7033             0
7034             0
7035             1
7036             0
7037             0
7038             0
7039             0
7040             0
7041             0
7042             0
7043             0
7044             0
7045             0
7046             1
7047             0
7048             1
7049             0
7050             0
7051             0
7052             0
7053             0
7054             0
7055             0
7056             0
7057             0
7058             0
7059             0
7060             0
7061             0
7062             0
7063             0
7064             0
7065             0
7066             0
7067             1
7068             0
7069             0
7070             0
7071             0
7072             0
7073             0
7074             0
7075             1
7076             0
7077             0
7078             0
7079             0
7080             0
7081             0
7082             0
7083             0
7084             1
7085             0
7086             0
7087             1
7088             1
7089             0
7090             0
7091             0
7092             0
7093             0
7094             1
7095             0
7096             0
7097             1
7098             0
7099             0
7100             0
7101             0
7102             0
7103             0
7104             0
7105             0
7106             0
7107             0
7108             0
7109             0
7110             0
7111             0
7112             0
7113             0
7114             0
7115             0
7116             0
7117             0
7118             0
7119             0
7120             0
7121             0
7122             0
7123             0
7124             0
7125             0
7126             0
7127             0
7128             0
7129             0
7130             0
7131             0
7132             0
7133             0
7134             0
7135             0
7136             0
7137             0
7138             0
7139             0
7140             0
7141             0
7142             0
7143             0
7144             0
7145             0
7146             0
7147             1
7148             0
7149             0
7150             0
7151             0
7152             0
7153             1
7154             0
7155             0
7156             0
7157             0
7158             0
7159             0
7160             0
7161             0
7162             0
7163             0
7164             0
7165             0
7166             0
7167             0
7168             0
7169             1
7170             0
7171             0
7172             0
7173             0
7174             0
7175             0
7176             0
7177             0
7178             0
7179             0
7180             0
7181             0
7182             1
7183             0
7184             0
7185             0
7186             0
7187             0
7188             0
7189             0
7190             0
7191             0
7192             0
7193             0
7194             0
7195             0
7196             0
7197             0
7198             1
7199             0
7200             0
7201             0
7202             0
7203             1
7204             0
7205             0
7206             0
7207             0
7208             0
7209             0
7210             1
7211             0
7212             0
7213             0
7214             0
7215             0
7216             0
7217             0
7218             0
7219             0
7220             0
7221             0
7222             0
7223             0
7224             0
7225             0
7226             0
7227             0
7228             0
7229             0
7230             0
7231             0
7232             0
7233             0
7234             0
7235             1
7236             0
7237             1
7238             0
7239             0
7240             0
7241             0
7242             0
7243             0
7244             0
7245             1
7246             0
7247             0
7248             0
7249             0
7250             0
7251             0
7252             0
7253             0
7254             0
7255             0
7256             0
7257             0
7258             0
7259             0
7260             0
7261             0
7262             0
7263             0
7264             0
7265             0
7266             0
7267             0
7268             0
7269             1
7270             0
7271             0
7272             0
7273             0
7274             0
7275             0
7276             0
7277             0
7278             0
7279             0
7280             0
7281             0
7282             0
7283             0
7284             0
7285             0
7286             0
7287             0
7288             0
7289             0
7290             0
7291             0
7292             1
7293             0
7294             0
7295             1
7296             0
7297             1
7298             0
7299             0
7300             0
7301             0
7302             0
7303             0
7304             1
7305             0
7306             0
7307             0
7308             0
7309             0
7310             0
7311             0
7312             0
7313             0
7314             0
7315             0
7316             0
7317             0
7318             0
7319             0
7320             0
7321             0
7322             0
7323             0
7324             0
7325             0
7326             0
7327             0
7328             0
7329             0
7330             0
7331             0
7332             0
7333             0
7334             0
7335             1
7336             0
7337             0
7338             1
7339             0
7340             0
7341             0
7342             0
7343             0
7344             0
7345             0
7346             1
7347             0
7348             1
7349             0
7350             0
7351             0
7352             0
7353             0
7354             0
7355             0
7356             0
7357             0
7358             0
7359             0
7360             0
7361             0
7362             0
7363             0
7364             0
7365             0
7366             0
7367             0
7368             1
7369             0
7370             0
7371             1
7372             0
7373             0
7374             0
7375             0
7376             0
7377             0
7378             0
7379             0
7380             0
7381             0
7382             1
7383             0
7384             0
7385             0
7386             0
7387             0
7388             0
7389             0
7390             1
7391             0
7392             0
7393             0
7394             0
7395             0
7396             0
7397             0
7398             0
7399             0
7400             0
7401             0
7402             1
7403             0
7404             0
7405             0
7406             0
7407             1
7408             0
7409             0
7410             0
7411             0
7412             0
7413             0
7414             0
7415             0
7416             0
7417             0
7418             0
7419             0
7420             0
7421             0
7422             0
7423             0
7424             0
7425             0
7426             1
7427             0
7428             0
7429             0
7430             0
7431             0
7432             0
7433             0
7434             0
7435             0
7436             0
7437             0
7438             0
7439             0
7440             0
7441             0
7442             0
7443             0
7444             0
7445             0
7446             0
7447             0
7448             0
7449             0
7450             0
7451             0
7452             0
7453             0
7454             0
7455             0
7456             0
7457             0
7458             0
7459             0
7460             0
7461             0
7462             0
7463             0
7464             0
7465             0
7466             0
7467             0
7468             0
7469             0
7470             0
7471             0
7472             0
7473             0
7474             0
7475             0
7476             0
7477             0
7478             0
7479             0
7480             0
7481             0
7482             0
7483             0
7484             0
7485             0
7486             0
7487             1
7488             1
7489             0
7490             0
7491             0
7492             0
7493             0
7494             0
7495             0
7496             0
7497             0
7498             0
7499             0
7500             0
7501             0
7502             0
7503             0
7504             0
7505             0
7506             0
7507             0
7508             0
7509             0
7510             0
7511             0
7512             0
7513             0
7514             2
7515             0
7516             0
7517             0
7518             0
7519             0
7520             0
7521             0
7522             0
7523             0
7524             0
7525             0
7526             1
7527             0
7528             0
7529             0
7530             0
7531             0
7532             0
7533             0
7534             0
7535             0
7536             0
7537             0
7538             0
7539             0
7540             0
7541             0
7542             0
7543             0
7544             0
7545             0
7546             0
7547             0
7548             0
7549             0
7550             1
7551             0
7552             0
7553             0
7554             0
7555             0
7556             0
7557             0
7558             0
7559             1
7560             0
7561             0
7562             0
7563             0
7564             0
7565             0
7566             0
7567             0
7568             0
7569             0
7570             1
7571             0
7572             0
7573             2
7574             0
7575             0
7576             0
7577             1
7578             0
7579             0
7580             0
7581             0
7582             0
7583             0
7584             1
7585             0
7586             0
7587             0
7588             0
7589             0
7590             0
7591             0
7592             0
7593             0
7594             0
7595             0
7596             0
7597             0
7598             0
7599             0
7600             0
7601             0
7602             0
7603             0
7604             0
7605             1
7606             0
7607             0
7608             0
7609             0
7610             0
7611             0
7612             0
7613             0
7614             1
7615             0
7616             0
7617             1
7618             1
7619             0
7620             0
7621             0
7622             0
7623             0
7624             0
7625             0
7626             0
7627             0
7628             0
7629             0
7630             0
7631             0
7632             0
7633             0
7634             0
7635             0
7636             0
7637             0
7638             1
7639             0
7640             0
7641             0
7642             0
7643             0
7644             0
7645             0
7646             0
7647             0
7648             0
7649             0
7650             0
7651             0
7652             0
7653             0
7654             0
7655             0
7656             0
7657             0
7658             0
7659             1
7660             0
7661             0
7662             0
7663             0
7664             0
7665             0
7666             0
7667             0
7668             0
7669             0
7670             0
7671             0
7672             0
7673             0
7674             1
7675             0
7676             0
7677             0
7678             0
7679             0
7680             0
7681             0
7682             0
7683             0
7684             0
7685             1
7686             0
7687             0
7688             0
7689             1
7690             0
7691             0
7692             0
7693             0
7694             0
7695             0
7696             0
7697             0
7698             0
7699             0
7700             0
7701             0
7702             0
7703             0
7704             0
7705             0
7706             0
7707             0
7708             0
7709             0
7710             0
7711             0
7712             0
7713             2
7714             0
7715             0
7716             0
7717             0
7718             0
7719             0
7720             0
7721             0
7722             0
7723             0
7724             0
7725             0
7726             0
7727             0
7728             0
7729             0
7730             0
7731             0
7732             0
7733             0
7734             0
7735             0
7736             0
7737             0
7738             0
7739             0
7740             0
7741             0
7742             0
7743             0
7744             0
7745             0
7746             0
7747             0
7748             0
7749             0
7750             0
7751             0
7752             0
7753             0
7754             0
7755             0
7756             0
7757             0
7758             0
7759             0
7760             0
7761             0
7762             0
7763             0
7764             0
7765             0
7766             0
7767             0
7768             0
7769             0
7770             0
7771             0
7772             2
7773             0
7774             0
7775             0
7776             0
7777             0
7778             0
7779             0
7780             1
7781             0
7782             0
7783             0
7784             0
7785             0
7786             0
7787             0
7788             0
7789             0
7790             0
7791             0
7792             0
7793             0
7794             0
7795             0
7796             0
7797             0
7798             0
7799             1
7800             0
7801             0
7802             0
7803             0
7804             0
7805             0
7806             0
7807             0
7808             0
7809             0
7810             0
7811             0
7812             0
7813             0
7814             0
7815             0
7816             0
7817             0
7818             0
7819             0
7820             0
7821             0
7822             0
7823             0
7824             0
7825             0
7826             0
7827             0
7828             0
7829             0
7830             0
7831             0
7832             0
7833             0
7834             1
7835             0
7836             0
7837             0
7838             0
7839             0
7840             0
7841             0
7842             0
7843             1
7844             0
7845             0
7846             0
7847             0
7848             0
7849             0
7850             0
7851             0
7852             0
7853             0
7854             0
7855             0
7856             0
7857             0
7858             0
7859             1
7860             0
7861             0
7862             0
7863             0
7864             0
7865             0
7866             0
7867             0
7868             1
7869             0
7870             1
7871             0
7872             0
7873             1
7874             0
7875             0
7876             0
7877             0
7878             0
7879             0
7880             0
7881             0
7882             0
7883             0
7884             1
7885             0
7886             0
7887             0
7888             0
7889             0
7890             0
7891             0
7892             0
7893             0
7894             0
7895             0
7896             1
7897             0
7898             0
7899             0
7900             0
7901             0
7902             0
7903             0
7904             0
7905             0
7906             0
7907             0
7908             0
7909             0
7910             0
7911             0
7912             0
7913             0
7914             0
7915             0
7916             0
7917             0
7918             0
7919             0
7920             0
7921             0
7922             0
7923             0
7924             0
7925             0
7926             0
7927             0
7928             0
7929             0
7930             0
7931             0
7932             0
7933             0
7934             0
7935             0
7936             0
7937             0
7938             0
7939             0
7940             0
7941             0
7942             0
7943             0
7944             0
7945             0
7946             0
7947             0
7948             0
7949             0
7950             0
7951             0
7952             0
7953             0
7954             0
7955             0
7956             0
7957             0
7958             0
7959             0
7960             0
7961             0
7962             0
7963             0
7964             0
7965             0
7966             0
7967             0
7968             0
7969             0
7970             0
7971             0
7972             0
7973             0
7974             0
7975             0
7976             0
7977             0
7978             0
7979             0
7980             0
7981             0
7982             0
7983             0
7984             0
7985             0
7986             0
7987             0
7988             0
7989             1
7990             0
7991             0
7992             0
7993             0
7994             0
7995             0
7996             0
7997             0
7998             1
7999             0
8000             0
8001             0
8002             0
8003             0
8004             0
8005             0
8006             0
8007             0
8008             0
8009             0
8010             0
8011             0
8012             0
8013             0
8014             0
8015             0
8016             0
8017             0
8018             0
8019             0
8020             0
8021             0
8022             0
8023             0
8024             0
8025             0
8026             0
8027             0
8028             0
8029             0
8030             0
8031             0
8032             0
8033             0
8034             0
8035             0
8036             0
8037             0
8038             0
8039             0
8040             0
8041             0
8042             0
8043             0
8044             0
8045             0
8046             0
8047             0
8048             0
8049             0
8050             0
8051             0
8052             0
8053             0
8054             0
8055             0
8056             0
8057             0
8058             0
8059             0
8060             0
8061             0
8062             0
8063             0
8064             0
8065             0
8066             0
8067             0
8068             0
8069             0
8070             0
8071             0
8072             0
8073             0
8074             0
8075             0
8076             0
8077             0
8078             0
8079             0
8080             0
8081             0
8082             0
8083             0
8084             0
8085             0
8086             0
8087             0
8088             0
8089             0
8090             0
8091             0
8092             0
8093             0
8094             0
8095             0
8096             0
8097             0
8098             0
8099             0
8100             0
8101             0
8102             0
8103             0
8104             0
8105             0
8106             0
8107             0
8108             0
8109             0
8110             0
8111             0
8112             0
8113             0
8114             0
8115             0
8116             0
8117             0
8118             0
8119             0
8120             0
8121             0
8122             0
8123             0
8124             0
8125             0
8126             0
8127             0
8128             0
8129             0
8130             0
8131             0
8132             0
8133             0
8134             0
8135             0
8136             0
8137             0
8138             0
8139             0
8140             0
8141             0
8142             0
8143             0
8144             0
8145             0
8146             0
8147             0
8148             0
8149             0
8150             0
8151             0
8152             0
8153             0
8154             0
8155             0
8156             0
8157             0
8158             0
8159             0
8160             0
8161             0
8162             0
8163             0
8164             0
8165             0
8166             0
8167             0
8168             0
8169             0
8170             0
8171             0
8172             0
8173             0
8174             0
8175             0
8176             0
8177             0
8178             0
8179             0
8180             0
8181             0
8182             0
8183             0
8184             0
8185             0
8186             0
8187             0
8188             0
8189             0
8190             0
8191             0
