AFPBarrier.residualCorrection_fixedPoint.{u_1} {V : Type u_1} [AddCommGroup V] [Module ℝ V] (A B : V →ₗ[ℝ] V) (b x : V)
  (omega : ℝ) (hfixed : A x = b) : x + omega • B (b - A x) = x
'AFPBarrier.residualCorrection_fixedPoint' depends on axioms: [propext, Classical.choice, Quot.sound]
AFPBarrier.residualCorrection_error.{u_1} {V : Type u_1} [AddCommGroup V] [Module ℝ V] (A B : V →ₗ[ℝ] V) (b x xstar : V)
  (omega : ℝ) (hfixed : A xstar = b) : x + omega • B (b - A x) - xstar = x - xstar - omega • B (A (x - xstar))
'AFPBarrier.residualCorrection_error' depends on axioms: [propext, Classical.choice, Quot.sound]
AFPBarrier.residualCorrection_preservesConstraint.{u_1, u_2} {V : Type u_1} {W : Type u_2} [AddCommGroup V]
  [AddCommGroup W] [Module ℝ V] [Module ℝ W] (A B : V →ₗ[ℝ] V) (Q : V →ₗ[ℝ] W) (b x : V) (omega : ℝ)
  (hQB : ∀ (v : V), Q (B v) = 0) : Q (x + omega • B (b - A x)) = Q x
'AFPBarrier.residualCorrection_preservesConstraint' depends on axioms: [propext, Classical.choice, Quot.sound]
AFPBarrier.scalarShell_errorFactor (aH aL omega e : ℝ) (haL : aL ≠ 0) :
  e - omega * (aH * e / aL) = (1 - omega * aH / aL) * e
'AFPBarrier.scalarShell_errorFactor' depends on axioms: [propext, Classical.choice, Quot.sound]
AFPBarrier.antipodalOnlyFeasible_iff_simplex.{u_3} {ν : Type u_3} [Fintype ν] (a : ν → ℝ) :
  AFPBarrier.antipodalOnlyFeasible a ↔ (∀ (k : ν), 0 ≤ a k) ∧ Finset.univ.sum a = 1
'AFPBarrier.antipodalOnlyFeasible_iff_simplex' depends on axioms: [propext, Classical.choice, Quot.sound]
AFPBarrier.antipodalOnlyFeasible_of_positive_simplex.{u_3} {ν : Type u_3} [Fintype ν] (p : ν → ℝ)
  (hp : ∀ (k : ν), 0 < p k) (hpsum : Finset.univ.sum p = 1) : AFPBarrier.antipodalOnlyFeasible p ∧ ∀ (k : ν), 0 < p k
'AFPBarrier.antipodalOnlyFeasible_of_positive_simplex' depends on axioms: [propext, Classical.choice, Quot.sound]
AFPBarrier.uniformAntipodalRate_strictly_feasible.{u_3} {ν : Type u_3} [Fintype ν] [Nonempty ν] :
  AFPBarrier.antipodalOnlyFeasible AFPBarrier.uniformAntipodalRate ∧ ∀ (k : ν), 0 < AFPBarrier.uniformAntipodalRate k
'AFPBarrier.uniformAntipodalRate_strictly_feasible' depends on axioms: [propext, Classical.choice, Quot.sound]
AFPBarrier.rowRateFromTangentWeight_nonneg.{u_1} {ι : Type u_1} [Fintype ι] (x sinTheta : ι → ℝ)
  (hx : ∀ (j : ι), 0 ≤ x j) (hsin : ∀ (j : ι), 0 < sinTheta j) (j : ι) :
  0 ≤ AFPBarrier.rowRateFromTangentWeight x sinTheta j
'AFPBarrier.rowRateFromTangentWeight_nonneg' depends on axioms: [propext, Classical.choice, Quot.sound]
AFPBarrier.rowRateFromTangentWeight_pos.{u_1} {ι : Type u_1} [Fintype ι] (x sinTheta : ι → ℝ) (hx : ∀ (j : ι), 0 < x j)
  (hsin : ∀ (j : ι), 0 < sinTheta j) (j : ι) : 0 < AFPBarrier.rowRateFromTangentWeight x sinTheta j
'AFPBarrier.rowRateFromTangentWeight_pos' depends on axioms: [propext, Classical.choice, Quot.sound]
AFPBarrier.rowRateFromTangentWeight_balance.{u_1, u_2} {ι : Type u_1} {κ : Type u_2} [Fintype ι] [Fintype κ]
  (x sinTheta : ι → ℝ) (u : ι → κ → ℝ) (hsin : ∀ (j : ι), 0 < sinTheta j) (htangent : ∀ (k : κ), ∑ j, x j * u j k = 0)
  (k : κ) : ∑ j, AFPBarrier.rowRateFromTangentWeight x sinTheta j * sinTheta j * u j k = 0
'AFPBarrier.rowRateFromTangentWeight_balance' depends on axioms: [propext, Classical.choice, Quot.sound]
AFPBarrier.rowRateFromTangentWeight_normal.{u_1} {ι : Type u_1} [Fintype ι] (x sinTheta halfTan : ι → ℝ)
  (hsin : ∀ (j : ι), 0 < sinTheta j) :
  ∑ j, AFPBarrier.rowRateFromTangentWeight x sinTheta j * (sinTheta j * halfTan j) =
    AFPBarrier.tangentNormalBudget x halfTan
'AFPBarrier.rowRateFromTangentWeight_normal' depends on axioms: [propext, Classical.choice, Quot.sound]
AFPBarrier.rowRateFromTangentDependenceWeight.{u_1} {ι : Type u_1} [Fintype ι] (a sinTheta : ι → ℝ)
  (hsin : ∀ (j : ι), 0 < sinTheta j) (j : ι) :
  AFPBarrier.rowRateFromTangentWeight (AFPBarrier.tangentDependenceWeight a sinTheta) sinTheta j = a j
'AFPBarrier.rowRateFromTangentDependenceWeight' depends on axioms: [propext, Classical.choice, Quot.sound]
AFPBarrier.mixedRow_from_tangentBudget.{u_1, u_2, u_3} {ι : Type u_1} {κ : Type u_2} {ν : Type u_3} [Fintype ι]
  [Fintype κ] [Fintype ν] (x sinTheta halfTan : ι → ℝ) (z : ν → ℝ) (u : ι → κ → ℝ) (hx : ∀ (j : ι), 0 ≤ x j)
  (hz : ∀ (k : ν), 0 ≤ z k) (hsin : ∀ (j : ι), 0 < sinTheta j) (htangent : ∀ (k : κ), ∑ j, x j * u j k = 0)
  (hbudget : AFPBarrier.mixedNormalBudgetFeasible x halfTan z) :
  (∀ (j : ι), 0 ≤ AFPBarrier.rowRateFromTangentWeight x sinTheta j) ∧
    (∀ (k : ν), 0 ≤ z k) ∧
      (∀ (k : κ), ∑ j, AFPBarrier.rowRateFromTangentWeight x sinTheta j * sinTheta j * u j k = 0) ∧
        ∑ j, AFPBarrier.rowRateFromTangentWeight x sinTheta j * (sinTheta j * halfTan j) + 2 * Finset.univ.sum z = 2
'AFPBarrier.mixedRow_from_tangentBudget' depends on axioms: [propext, Classical.choice, Quot.sound]
AFPBarrier.mixedRow_to_tangentBudget.{u_1, u_2, u_3} {ι : Type u_1} {κ : Type u_2} {ν : Type u_3} [Fintype ι]
  [Fintype κ] [Fintype ν] (a : ι → ℝ) (z : ν → ℝ) (sinTheta halfTan : ι → ℝ) (u : ι → κ → ℝ) (ha : ∀ (j : ι), 0 ≤ a j)
  (hz : ∀ (k : ν), 0 ≤ z k) (hsin : ∀ (j : ι), 0 ≤ sinTheta j) (htangent : ∀ (k : κ), ∑ j, a j * sinTheta j * u j k = 0)
  (hnormal : ∑ j, a j * (sinTheta j * halfTan j) + 2 * Finset.univ.sum z = 2) :
  (∀ (j : ι), 0 ≤ AFPBarrier.tangentDependenceWeight a sinTheta j) ∧
    (∀ (k : κ), ∑ j, AFPBarrier.tangentDependenceWeight a sinTheta j * u j k = 0) ∧
      AFPBarrier.mixedNormalBudgetFeasible (AFPBarrier.tangentDependenceWeight a sinTheta) halfTan z ∧
        ∀ (k : ν), 0 ≤ z k
'AFPBarrier.mixedRow_to_tangentBudget' depends on axioms: [propext, Classical.choice, Quot.sound]
AFPBarrier.mixedRow_tangentNormalBudget_bounds.{u_1, u_3} {ι : Type u_1} {ν : Type u_3} [Fintype ι] [Fintype ν]
  (a : ι → ℝ) (z : ν → ℝ) (sinTheta halfTan : ι → ℝ) (ha : ∀ (j : ι), 0 ≤ a j) (hz : ∀ (k : ν), 0 ≤ z k)
  (hsin : ∀ (j : ι), 0 ≤ sinTheta j) (hhalfTan : ∀ (j : ι), 0 < halfTan j)
  (hnormal : ∑ j, a j * (sinTheta j * halfTan j) + 2 * Finset.univ.sum z = 2) :
  0 ≤ AFPBarrier.tangentNormalBudget (AFPBarrier.tangentDependenceWeight a sinTheta) halfTan ∧
    AFPBarrier.tangentNormalBudget (AFPBarrier.tangentDependenceWeight a sinTheta) halfTan ≤ 2
'AFPBarrier.mixedRow_tangentNormalBudget_bounds' depends on axioms: [propext, Classical.choice, Quot.sound]
AFPBarrier.mixedRowFeasible_iff_exists_tangentParameter.{u_1, u_2, u_3} {ι : Type u_1} {κ : Type u_2} {ν : Type u_3}
  [Fintype ι] [Fintype κ] [Fintype ν] (a : ι → ℝ) (z : ν → ℝ) (sinTheta halfTan : ι → ℝ) (u : ι → κ → ℝ)
  (hsin : ∀ (j : ι), 0 < sinTheta j) (hhalfTan : ∀ (j : ι), 0 < halfTan j) :
  AFPBarrier.mixedRowFeasible a z sinTheta halfTan u ↔
    ∃ x,
      AFPBarrier.mixedTangentParameterFeasible x z halfTan u ∧
        ∀ (j : ι), AFPBarrier.rowRateFromTangentWeight x sinTheta j = a j
'AFPBarrier.mixedRowFeasible_iff_exists_tangentParameter' depends on axioms: [propext, Classical.choice, Quot.sound]
AFPBarrier.mixedNormalBudgetFeasible_iff_remaining.{u_1, u_3} {ι : Type u_1} {ν : Type u_3} [Fintype ι] [Fintype ν]
  (x halfTan : ι → ℝ) (z : ν → ℝ) :
  AFPBarrier.mixedNormalBudgetFeasible x halfTan z ↔
    Finset.univ.sum z = 1 - AFPBarrier.tangentNormalBudget x halfTan / 2
'AFPBarrier.mixedNormalBudgetFeasible_iff_remaining' depends on axioms: [propext, Classical.choice, Quot.sound]
AFPBarrier.scaledAntipodalAllocation_sum.{u_3} {ν : Type u_3} [Fintype ν] (q : ℝ) (p : ν → ℝ)
  (hpsum : Finset.univ.sum p = 1) : Finset.univ.sum (AFPBarrier.scaledAntipodalAllocation q p) = 1 - q / 2
'AFPBarrier.scaledAntipodalAllocation_sum' depends on axioms: [propext, Classical.choice, Quot.sound]
AFPBarrier.scaledAntipodalAllocation_nonneg.{u_3} {ν : Type u_3} [Fintype ν] (q : ℝ) (p : ν → ℝ) (hq : q ≤ 2)
  (hp : ∀ (k : ν), 0 ≤ p k) (k : ν) : 0 ≤ AFPBarrier.scaledAntipodalAllocation q p k
'AFPBarrier.scaledAntipodalAllocation_nonneg' depends on axioms: [propext, Classical.choice, Quot.sound]
AFPBarrier.scaledAntipodalAllocation_pos.{u_3} {ν : Type u_3} [Fintype ν] (q : ℝ) (p : ν → ℝ) (hq : q < 2)
  (hp : ∀ (k : ν), 0 < p k) (k : ν) : 0 < AFPBarrier.scaledAntipodalAllocation q p k
'AFPBarrier.scaledAntipodalAllocation_pos' depends on axioms: [propext, Classical.choice, Quot.sound]
AFPBarrier.mixedNormalBudgetFeasible_scaledAntipodalAllocation.{u_1, u_3} {ι : Type u_1} {ν : Type u_3} [Fintype ι]
  [Fintype ν] (x halfTan : ι → ℝ) (p : ν → ℝ) (hbudget : AFPBarrier.tangentNormalBudget x halfTan ≤ 2)
  (hp : ∀ (k : ν), 0 ≤ p k) (hpsum : Finset.univ.sum p = 1) :
  AFPBarrier.mixedNormalBudgetFeasible x halfTan
      (AFPBarrier.scaledAntipodalAllocation (AFPBarrier.tangentNormalBudget x halfTan) p) ∧
    ∀ (k : ν), 0 ≤ AFPBarrier.scaledAntipodalAllocation (AFPBarrier.tangentNormalBudget x halfTan) p k
'AFPBarrier.mixedNormalBudgetFeasible_scaledAntipodalAllocation' depends on axioms: [propext,
 Classical.choice,
 Quot.sound]
AFPBarrier.mixedNormalBudgetFeasible_zero_tangent.{u_1, u_3} {ι : Type u_1} {ν : Type u_3} [Fintype ι] [Fintype ν]
  (halfTan : ι → ℝ) (p : ν → ℝ) (hpsum : Finset.univ.sum p = 1) :
  AFPBarrier.mixedNormalBudgetFeasible (fun x => 0) halfTan p
'AFPBarrier.mixedNormalBudgetFeasible_zero_tangent' depends on axioms: [propext, Classical.choice, Quot.sound]
AFPBarrier.mixedNormalBudgetFeasible_zero_tangent_uniform.{u_1, u_3} {ι : Type u_1} {ν : Type u_3} [Fintype ι]
  [Fintype ν] [Nonempty ν] (halfTan : ι → ℝ) :
  AFPBarrier.mixedNormalBudgetFeasible (fun x => 0) halfTan AFPBarrier.uniformAntipodalRate ∧
    ∀ (k : ν), 0 < AFPBarrier.uniformAntipodalRate k
'AFPBarrier.mixedNormalBudgetFeasible_zero_tangent_uniform' depends on axioms: [propext, Classical.choice, Quot.sound]
AFPBarrier.completeConductance_symm.{u_1} {ι : Type u_1} [Fintype ι] [DecidableEq ι] (w : ι → ℝ) (lam : ℝ) (i j : ι) :
  AFPBarrier.completeConductance w lam i j = AFPBarrier.completeConductance w lam j i
'AFPBarrier.completeConductance_symm' depends on axioms: [propext, Classical.choice, Quot.sound]
AFPBarrier.conductanceRate_completeConductance_eq_completeRate.{u_1} {ι : Type u_1} [Fintype ι] [DecidableEq ι]
  (w : ι → ℝ) (lam : ℝ) (hw : ∀ (i : ι), w i ≠ 0) (i j : ι) :
  AFPBarrier.conductanceRate (AFPBarrier.completeConductance w lam) w i j = AFPBarrier.completeRate w lam i j
'AFPBarrier.conductanceRate_completeConductance_eq_completeRate' depends on axioms: [propext,
 Classical.choice,
 Quot.sound]
AFPBarrier.completeRate_eigen_of_weightedMean_zero.{u_1} {ι : Type u_1} [Fintype ι] [DecidableEq ι] (w f : ι → ℝ)
  (lam : ℝ) (i : ι) (hW : AFPBarrier.totalWeight w ≠ 0) (hmean : ∑ j, w j * f j = 0) :
  AFPBarrier.jumpGenerator (AFPBarrier.completeRate w lam) f i = -lam * f i
'AFPBarrier.completeRate_eigen_of_weightedMean_zero' depends on axioms: [propext, Classical.choice, Quot.sound]
AFPBarrier.completeRate_pos.{u_1} {ι : Type u_1} [Fintype ι] [DecidableEq ι] (w : ι → ℝ) (lam : ℝ)
  (hw : ∀ (i : ι), 0 < w i) (hlam : 0 < lam) (hW : 0 < AFPBarrier.totalWeight w) (i j : ι) :
  0 < AFPBarrier.completeRate w lam i j
'AFPBarrier.completeRate_pos' depends on axioms: [propext, Classical.choice, Quot.sound]
AFPBarrier.completeConductance_pos.{u_1} {ι : Type u_1} [Fintype ι] [DecidableEq ι] (w : ι → ℝ) (lam : ℝ)
  (hw : ∀ (i : ι), 0 < w i) (hlam : 0 < lam) (hW : 0 < AFPBarrier.totalWeight w) (i j : ι) :
  0 < AFPBarrier.completeConductance w lam i j
'AFPBarrier.completeConductance_pos' depends on axioms: [propext, Classical.choice, Quot.sound]
AFPBarrier.completeRate_preserves_centered_coordinates.{u_1, u_2} {ι : Type u_1} [Fintype ι] [DecidableEq ι]
  {κ : Type u_2} [Fintype κ] (Ω : ι → κ → ℝ) (w : ι → ℝ) (lam : ℝ) (hW : AFPBarrier.totalWeight w ≠ 0)
  (hcenter : ∀ (k : κ), ∑ i, w i * Ω i k = 0) (i : ι) (k : κ) :
  AFPBarrier.jumpGenerator (AFPBarrier.completeRate w lam) (fun j => Ω j k) i = -lam * Ω i k
'AFPBarrier.completeRate_preserves_centered_coordinates' depends on axioms: [propext, Classical.choice, Quot.sound]
AFPBarrier.reversible_coordinate_exactness_implies_centered.{u_1, u_2} {ι : Type u_1} [Fintype ι] [DecidableEq ι]
  {κ : Type u_2} [Fintype κ] (γ : ι → ι → ℝ) (Ω : ι → κ → ℝ) (w : ι → ℝ) (lam : ℝ) (hγsymm : ∀ (i j : ι), γ i j = γ j i)
  (hw : ∀ (i : ι), w i ≠ 0) (hlam : lam ≠ 0)
  (heigen :
    ∀ (i : ι) (k : κ), AFPBarrier.jumpGenerator (AFPBarrier.conductanceRate γ w) (fun j => Ω j k) i = -lam * Ω i k)
  (k : κ) : ∑ i, w i * Ω i k = 0
'AFPBarrier.reversible_coordinate_exactness_implies_centered' depends on axioms: [propext, Classical.choice, Quot.sound]
AFPBarrier.convexDesign_constant_exact.{u_1} {I : Type u_1} [Fintype I] [DecidableEq I] (Gamma : I → I → ℝ) (w : I → ℝ)
  (c : ℝ) (i : I) : AFPBarrier.jumpGenerator (AFPBarrier.conductanceRate Gamma w) (fun x => c) i = 0
'AFPBarrier.convexDesign_constant_exact' depends on axioms: [propext, Classical.choice, Quot.sound]
AFPBarrier.convexDesign_rate_nonneg.{u_1} {I : Type u_1} [Fintype I] [DecidableEq I] (Gamma : I → I → ℝ) (w : I → ℝ)
  (hGamma : ∀ (i j : I), i ≠ j → 0 ≤ Gamma i j) (hw : ∀ (i : I), 0 < w i) (i j : I) (hij : i ≠ j) :
  0 ≤ AFPBarrier.conductanceRate Gamma w i j
'AFPBarrier.convexDesign_rate_nonneg' depends on axioms: [propext, Classical.choice, Quot.sound]
AFPBarrier.convexDesign_detailedBalance.{u_1} {I : Type u_1} [Fintype I] [DecidableEq I] (Gamma : I → I → ℝ) (w : I → ℝ)
  (hGamma : ∀ (i j : I), Gamma i j = Gamma j i) (hw : ∀ (i : I), w i ≠ 0) (i j : I) :
  w i * AFPBarrier.conductanceRate Gamma w i j = w j * AFPBarrier.conductanceRate Gamma w j i
'AFPBarrier.convexDesign_detailedBalance' depends on axioms: [propext, Classical.choice, Quot.sound]
AFPBarrier.conductanceMix_nonneg.{u_2} {E : Type u_2} [Fintype E] [DecidableEq E] (theta : ℝ) (gamma0 gamma1 : E → ℝ)
  (htheta0 : 0 ≤ theta) (htheta1 : theta ≤ 1) (hgamma0 : ∀ (e : E), 0 ≤ gamma0 e) (hgamma1 : ∀ (e : E), 0 ≤ gamma1 e)
  (e : E) : 0 ≤ AFPBarrier.conductanceMix theta gamma0 gamma1 e
'AFPBarrier.conductanceMix_nonneg' depends on axioms: [propext, Classical.choice, Quot.sound]
AFPBarrier.sharedEdgeApply_conductanceMix.{u_1, u_2, u_3} {I : Type u_1} {E : Type u_2} {K : Type u_3} [Fintype I]
  [DecidableEq I] [Fintype E] [DecidableEq E] [Fintype K] [DecidableEq K] (Omega : I → K → ℝ) (left right : E → I)
  (theta : ℝ) (gamma0 gamma1 : E → ℝ) (i : I) (k : K) :
  AFPBarrier.sharedEdgeApply Omega left right (AFPBarrier.conductanceMix theta gamma0 gamma1) i k =
    (1 - theta) * AFPBarrier.sharedEdgeApply Omega left right gamma0 i k +
      theta * AFPBarrier.sharedEdgeApply Omega left right gamma1 i k
'AFPBarrier.sharedEdgeApply_conductanceMix' depends on axioms: [propext, Classical.choice, Quot.sound]
AFPBarrier.sharedEdge_exact_conductanceMix.{u_1, u_2, u_3} {I : Type u_1} {E : Type u_2} {K : Type u_3} [Fintype I]
  [DecidableEq I] [Fintype E] [DecidableEq E] [Fintype K] [DecidableEq K] (Omega : I → K → ℝ) (left right : E → I)
  (b : I → K → ℝ) (theta : ℝ) (gamma0 gamma1 : E → ℝ)
  (hexact0 : ∀ (i : I) (k : K), AFPBarrier.sharedEdgeApply Omega left right gamma0 i k = b i k)
  (hexact1 : ∀ (i : I) (k : K), AFPBarrier.sharedEdgeApply Omega left right gamma1 i k = b i k) (i : I) (k : K) :
  AFPBarrier.sharedEdgeApply Omega left right (AFPBarrier.conductanceMix theta gamma0 gamma1) i k = b i k
'AFPBarrier.sharedEdge_exact_conductanceMix' depends on axioms: [propext, Classical.choice, Quot.sound]
AFPBarrier.finiteMatrixApply_conductanceMix_le.{u_2, u_4} {E : Type u_2} {R : Type u_4} [Fintype E] [DecidableEq E]
  [Fintype R] [DecidableEq R] (C : R → E → ℝ) (d : R → ℝ) (theta : ℝ) (gamma0 gamma1 : E → ℝ) (htheta0 : 0 ≤ theta)
  (htheta1 : theta ≤ 1) (hcap0 : ∀ (r : R), AFPBarrier.finiteMatrixApply C gamma0 r ≤ d r)
  (hcap1 : ∀ (r : R), AFPBarrier.finiteMatrixApply C gamma1 r ≤ d r) (r : R) :
  AFPBarrier.finiteMatrixApply C (AFPBarrier.conductanceMix theta gamma0 gamma1) r ≤ d r
'AFPBarrier.finiteMatrixApply_conductanceMix_le' depends on axioms: [propext, Classical.choice, Quot.sound]
AFPBarrier.affineShellResidual_conductanceMix.{u_2, u_4} {E : Type u_2} {R : Type u_4} [Fintype E] [DecidableEq E]
  [Fintype R] [DecidableEq R] (base : R → ℝ) (column : R → E → ℝ) (theta : ℝ) (gamma0 gamma1 : E → ℝ) (r : R) :
  AFPBarrier.affineShellResidual base column (AFPBarrier.conductanceMix theta gamma0 gamma1) r =
    (1 - theta) * AFPBarrier.affineShellResidual base column gamma0 r +
      theta * AFPBarrier.affineShellResidual base column gamma1 r
'AFPBarrier.affineShellResidual_conductanceMix' depends on axioms: [propext, Classical.choice, Quot.sound]
AFPBarrier.sum_incidentLossMass.{u_1, u_2} {I : Type u_1} {E : Type u_2} [Fintype I] [DecidableEq I] [Fintype E]
  [DecidableEq E] (left right : E → I) (gamma ell : E → ℝ) :
  ∑ i, AFPBarrier.incidentLossMass left right gamma ell i = 2 * ∑ e, gamma e * ell e
'AFPBarrier.sum_incidentLossMass' depends on axioms: [propext, Classical.choice, Quot.sound]
AFPBarrier.lossWeightedTotal_fixed_of_radialExact.{u_1, u_2} {I : Type u_1} {E : Type u_2} [Fintype I] [DecidableEq I]
  [Fintype E] [DecidableEq E] (left right : E → I) (gamma ell : E → ℝ) (w : I → ℝ) (lambda : ℝ)
  (hradial : ∀ (i : I), AFPBarrier.incidentLossMass left right gamma ell i = lambda * w i) :
  ∑ e, gamma e * ell e = lambda / 2 * ∑ i, w i
'AFPBarrier.lossWeightedTotal_fixed_of_radialExact' depends on axioms: [propext, Classical.choice, Quot.sound]
AFPBarrier.S2_lossWeightedTotal_one.{u_1, u_2} {I : Type u_1} {E : Type u_2} [Fintype I] [DecidableEq I] [Fintype E]
  [DecidableEq E] (left right : E → I) (gamma ell : E → ℝ) (w : I → ℝ)
  (hradial : ∀ (i : I), AFPBarrier.incidentLossMass left right gamma ell i = 2 * w i) (hmass : ∑ i, w i = 1) :
  ∑ e, gamma e * ell e = 1
'AFPBarrier.S2_lossWeightedTotal_one' depends on axioms: [propext, Classical.choice, Quot.sound]
AFPBarrier.totalConductance_fixed_of_constantLoss.{u_2} {E : Type u_2} [Fintype E] [DecidableEq E] (gamma ell : E → ℝ)
  (ell0 target : ℝ) (hell : ∀ (e : E), ell e = ell0) (hell0 : ell0 ≠ 0) (hfixed : ∑ e, gamma e * ell e = target) :
  ∑ e, gamma e = target / ell0
'AFPBarrier.totalConductance_fixed_of_constantLoss' depends on axioms: [propext, Classical.choice, Quot.sound]
AFPBarrier.rateCapped_dualWork_nonneg.{u_2, u_4, u_5} {E : Type u_2} {R : Type u_4} {S : Type u_5} [Fintype E]
  [DecidableEq E] [Fintype R] [DecidableEq R] [Fintype S] [DecidableEq S] (A : R → E → ℝ) (C : S → E → ℝ) (b y : R → ℝ)
  (d z : S → ℝ) (x : E → ℝ) (hx : ∀ (e : E), 0 ≤ x e) (hAx : ∀ (r : R), AFPBarrier.finiteMatrixApply A x r = b r)
  (hCx : ∀ (s : S), AFPBarrier.finiteMatrixApply C x s ≤ d s) (hz : ∀ (s : S), 0 ≤ z s)
  (hdual : ∀ (e : E), 0 ≤ AFPBarrier.finiteTransposeApply A y e + AFPBarrier.finiteTransposeApply C z e) :
  0 ≤ AFPBarrier.finiteDot b y + AFPBarrier.finiteDot d z
'AFPBarrier.rateCapped_dualWork_nonneg' depends on axioms: [propext, Classical.choice, Quot.sound]
AFPBarrier.rateCapped_negative_dualWork_certifies_infeasible.{u_2, u_4, u_5} {E : Type u_2} {R : Type u_4}
  {S : Type u_5} [Fintype E] [DecidableEq E] [Fintype R] [DecidableEq R] [Fintype S] [DecidableEq S] (A : R → E → ℝ)
  (C : S → E → ℝ) (b y : R → ℝ) (d z : S → ℝ) (hz : ∀ (s : S), 0 ≤ z s)
  (hdual : ∀ (e : E), 0 ≤ AFPBarrier.finiteTransposeApply A y e + AFPBarrier.finiteTransposeApply C z e)
  (hwork : AFPBarrier.finiteDot b y + AFPBarrier.finiteDot d z < 0) :
  ¬∃ x,
      (∀ (e : E), 0 ≤ x e) ∧
        (∀ (r : R), AFPBarrier.finiteMatrixApply A x r = b r) ∧ ∀ (s : S), AFPBarrier.finiteMatrixApply C x s ≤ d s
'AFPBarrier.rateCapped_negative_dualWork_certifies_infeasible' depends on axioms: [propext,
 Classical.choice,
 Quot.sound]
AFPBarrier.jumpGenerator_chain_rule_defect.{u_1} {ι : Type u_1} [Fintype ι] [DecidableEq ι] (a : ι → ι → ℝ) (f : ι → ℝ)
  (phi : ℝ → ℝ) (slope : ℝ) (i : ι) :
  AFPBarrier.jumpGenerator a (fun j => phi (f j)) i - slope * AFPBarrier.jumpGenerator a f i =
    ∑ j ∈ AFPBarrier.offdiag i, a i j * AFPBarrier.tangentGap phi slope (f j) (f i)
'AFPBarrier.jumpGenerator_chain_rule_defect' depends on axioms: [propext, Classical.choice, Quot.sound]
AFPBarrier.strict_tangent_chain_rule_forces_generator_zero.{u_1} {ι : Type u_1} [Fintype ι] [DecidableEq ι]
  (a : ι → ι → ℝ) (f : ι → ℝ) (phi : ℝ → ℝ) (slope : ℝ) (i : ι) (ha : ∀ (j : ι), j ≠ i → 0 ≤ a i j)
  (hgap_nonneg : ∀ (j : ι), j ≠ i → 0 ≤ AFPBarrier.tangentGap phi slope (f j) (f i))
  (hgap_strict : ∀ (j : ι), j ≠ i → AFPBarrier.tangentGap phi slope (f j) (f i) = 0 → f j = f i)
  (hchain : AFPBarrier.jumpGenerator a (fun j => phi (f j)) i = slope * AFPBarrier.jumpGenerator a f i) :
  AFPBarrier.jumpGenerator a f i = 0
'AFPBarrier.strict_tangent_chain_rule_forces_generator_zero' depends on axioms: [propext, Classical.choice, Quot.sound]
AFPBarrier.square_chain_rule_forces_generator_zero.{u_1} {ι : Type u_1} [Fintype ι] [DecidableEq ι] (a : ι → ι → ℝ)
  (f : ι → ℝ) (i : ι) (ha : ∀ (j : ι), j ≠ i → 0 ≤ a i j)
  (hchain : AFPBarrier.jumpGenerator a (fun j => f j ^ 2) i = 2 * f i * AFPBarrier.jumpGenerator a f i) :
  AFPBarrier.jumpGenerator a f i = 0
'AFPBarrier.square_chain_rule_forces_generator_zero' depends on axioms: [propext, Classical.choice, Quot.sound]
AFPBarrier.finiteMatrix_bilinear_identity.{u_1, u_2} {ρ : Type u_1} {κ : Type u_2} [Fintype ρ] [Fintype κ]
  (A : ρ → κ → ℝ) (x : κ → ℝ) (y : ρ → ℝ) :
  AFPBarrier.finiteDot (AFPBarrier.finiteMatrixApply A x) y =
    AFPBarrier.finiteDot x (AFPBarrier.finiteTransposeApply A y)
'AFPBarrier.finiteMatrix_bilinear_identity' depends on axioms: [propext, Classical.choice, Quot.sound]
AFPBarrier.nonnegative_solution_forces_dualWork_nonneg.{u_1, u_2} {ρ : Type u_1} {κ : Type u_2} [Fintype ρ] [Fintype κ]
  (A : ρ → κ → ℝ) (b y : ρ → ℝ) (x : κ → ℝ) (hx : ∀ (c : κ), 0 ≤ x c)
  (hAx : ∀ (r : ρ), AFPBarrier.finiteMatrixApply A x r = b r)
  (hdual : ∀ (c : κ), 0 ≤ AFPBarrier.finiteTransposeApply A y c) : 0 ≤ AFPBarrier.finiteDot b y
'AFPBarrier.nonnegative_solution_forces_dualWork_nonneg' depends on axioms: [propext, Classical.choice, Quot.sound]
AFPBarrier.negative_dualWork_certifies_infeasible.{u_1, u_2} {ρ : Type u_1} {κ : Type u_2} [Fintype ρ] [Fintype κ]
  (A : ρ → κ → ℝ) (b y : ρ → ℝ) (hdual : ∀ (c : κ), 0 ≤ AFPBarrier.finiteTransposeApply A y c)
  (hwork : AFPBarrier.finiteDot b y < 0) :
  ¬∃ x, (∀ (c : κ), 0 ≤ x c) ∧ ∀ (r : ρ), AFPBarrier.finiteMatrixApply A x r = b r
'AFPBarrier.negative_dualWork_certifies_infeasible' depends on axioms: [propext, Classical.choice, Quot.sound]
AFPBarrier.positiveLP_weak_duality.{u_1, u_2} {ρ : Type u_1} {κ : Type u_2} [Fintype ρ] [Fintype κ] (A : ρ → κ → ℝ)
  (b y : ρ → ℝ) (c x : κ → ℝ) (hx : ∀ (q : κ), 0 ≤ x q) (hAx : ∀ (r : ρ), AFPBarrier.finiteMatrixApply A x r = b r)
  (hdual : ∀ (q : κ), AFPBarrier.finiteTransposeApply A y q ≤ c q) : AFPBarrier.finiteDot b y ≤ AFPBarrier.finiteDot c x
'AFPBarrier.positiveLP_weak_duality' depends on axioms: [propext, Classical.choice, Quot.sound]
AFPBarrier.inverseSquareAngularDepth_eq_reciprocal_difference (coeff energy stopping thickness : ℝ)
  (hstop : stopping ≠ 0) (henergy : energy ≠ 0) (hout : AFPBarrier.energyAfterLayer energy stopping thickness ≠ 0) :
  AFPBarrier.inverseSquareAngularDepth coeff energy stopping thickness =
    coeff / stopping * (1 / AFPBarrier.energyAfterLayer energy stopping thickness - 1 / energy)
'AFPBarrier.inverseSquareAngularDepth_eq_reciprocal_difference' depends on axioms: [propext,
 Classical.choice,
 Quot.sound]
AFPBarrier.inverseSquareAngularDepth_nonneg (coeff energy stopping thickness : ℝ) (hcoeff : 0 ≤ coeff)
  (hthickness : 0 ≤ thickness) (henergy : 0 < energy)
  (hout : 0 < AFPBarrier.energyAfterLayer energy stopping thickness) :
  0 ≤ AFPBarrier.inverseSquareAngularDepth coeff energy stopping thickness
'AFPBarrier.inverseSquareAngularDepth_nonneg' depends on axioms: [propext, Classical.choice, Quot.sound]
AFPBarrier.twoLayer_energy_order_invariant (energy stopping₁ thickness₁ stopping₂ thickness₂ : ℝ) :
  AFPBarrier.energyAfterLayer (AFPBarrier.energyAfterLayer energy stopping₁ thickness₁) stopping₂ thickness₂ =
    AFPBarrier.energyAfterLayer (AFPBarrier.energyAfterLayer energy stopping₂ thickness₂) stopping₁ thickness₁
'AFPBarrier.twoLayer_energy_order_invariant' depends on axioms: [propext, Classical.choice, Quot.sound]
AFPBarrier.twoLayerAngularDepth_order_difference (energy amount₁ drop₁ amount₂ drop₂ : ℝ) (hE : energy ≠ 0)
  (hE1 : energy - drop₁ ≠ 0) (hE2 : energy - drop₂ ≠ 0) (hE12 : energy - drop₁ - drop₂ ≠ 0) :
  AFPBarrier.twoLayerAngularDepth12 energy amount₁ drop₁ amount₂ drop₂ -
      AFPBarrier.twoLayerAngularDepth21 energy amount₁ drop₁ amount₂ drop₂ =
    (amount₁ * drop₂ - amount₂ * drop₁) * (drop₁ + drop₂ - 2 * energy) /
      (energy * (energy - drop₁) * (energy - drop₂) * (energy - drop₁ - drop₂))
'AFPBarrier.twoLayerAngularDepth_order_difference' depends on axioms: [propext, Classical.choice, Quot.sound]
AFPBarrier.twoLayerAngularDepth12_le_21 (energy amount₁ drop₁ amount₂ drop₂ : ℝ) (hd₁ : 0 ≤ drop₁) (hd₂ : 0 ≤ drop₂)
  (hremain : drop₁ + drop₂ < energy) (hratio : amount₂ * drop₁ ≤ amount₁ * drop₂) :
  AFPBarrier.twoLayerAngularDepth12 energy amount₁ drop₁ amount₂ drop₂ ≤
    AFPBarrier.twoLayerAngularDepth21 energy amount₁ drop₁ amount₂ drop₂
'AFPBarrier.twoLayerAngularDepth12_le_21' depends on axioms: [propext, Classical.choice, Quot.sound]
AFPBarrier.layeredAngularAmplitude_mul (lam depth₁ depth₂ : ℝ) :
  Real.exp (-lam * depth₁) * Real.exp (-lam * depth₂) = Real.exp (-lam * (depth₁ + depth₂))
'AFPBarrier.layeredAngularAmplitude_mul' depends on axioms: [propext, Classical.choice, Quot.sound]
AFPBarrier.squareRingDefect_between_sin_bounds (h st : ℝ) (hst : st ^ 2 ≤ 1) :
  2 * Real.sin h ^ 2 ≤ AFPBarrier.squareRingDefect h st ∧ AFPBarrier.squareRingDefect h st ≤ 4 * Real.sin h ^ 2
'AFPBarrier.squareRingDefect_between_sin_bounds' depends on axioms: [propext, Classical.choice, Quot.sound]
AFPBarrier.squareRingDefect_trig_bounds (h st : ℝ) (hh0 : 0 ≤ h) (hhhalf : h ≤ Real.pi / 2) (hst : st ^ 2 ≤ 1) :
  2 * (2 / Real.pi * h) ^ 2 ≤ AFPBarrier.squareRingDefect h st ∧ AFPBarrier.squareRingDefect h st ≤ 4 * h ^ 2
'AFPBarrier.squareRingDefect_trig_bounds' depends on axioms: [propext, Classical.choice, Quot.sound]
AFPBarrier.equalAngleGrid_jordanScale (n : ℝ) (hn : n ≠ 0) : 2 / Real.pi * AFPBarrier.equalAngleGridHalfStep n = 1 / n
'AFPBarrier.equalAngleGrid_jordanScale' depends on axioms: [propext, Classical.choice, Quot.sound]
AFPBarrier.squareRingDefect_grid_bounds (n st : ℝ) (hn : 2 ≤ n) (hst : st ^ 2 ≤ 1) :
  2 / n ^ 2 ≤ AFPBarrier.squareRingDefect (AFPBarrier.equalAngleGridHalfStep n) st ∧
    AFPBarrier.squareRingDefect (AFPBarrier.equalAngleGridHalfStep n) st ≤ Real.pi ^ 2 / n ^ 2
'AFPBarrier.squareRingDefect_grid_bounds' depends on axioms: [propext, Classical.choice, Quot.sound]
AFPBarrier.squarePolarRate_lower_step (h : ℝ) (hh0 : 0 < h) (hhhalf : h ≤ Real.pi / 2) :
  1 / (2 * h ^ 4) ≤ AFPBarrier.squarePolarRateFromStep h
'AFPBarrier.squarePolarRate_lower_step' depends on axioms: [propext, Classical.choice, Quot.sound]
AFPBarrier.squarePolarRate_upper_jordan (h : ℝ) (hh0 : 0 < h) (hhhalf : h ≤ Real.pi / 2) :
  AFPBarrier.squarePolarRateFromStep h ≤ 1 / (2 * (2 / Real.pi * h) ^ 2) + 1 / (2 * (2 / Real.pi * h) ^ 4)
'AFPBarrier.squarePolarRate_upper_jordan' depends on axioms: [propext, Classical.choice, Quot.sound]
AFPBarrier.squarePolarRate_grid_bounds (n : ℝ) (hn : 2 ≤ n) :
  8 * n ^ 4 / Real.pi ^ 4 ≤ AFPBarrier.squarePolarRateFromStep (AFPBarrier.equalAngleGridHalfStep n) ∧
    AFPBarrier.squarePolarRateFromStep (AFPBarrier.equalAngleGridHalfStep n) ≤ n ^ 4
'AFPBarrier.squarePolarRate_grid_bounds' depends on axioms: [propext, Classical.choice, Quot.sound]
AFPBarrier.equalAngleGridTheta_add_one (n i : ℝ) :
  AFPBarrier.equalAngleGridTheta n (i + 1) =
    AFPBarrier.equalAngleGridTheta n i + 2 * AFPBarrier.equalAngleGridHalfStep n
'AFPBarrier.equalAngleGridTheta_add_one' depends on axioms: [propext, Classical.choice, Quot.sound]
AFPBarrier.equalAngleGrid_meridional_shared (n i alpha : ℝ) :
  AFPBarrier.equalAngleMeridionalPlus alpha (AFPBarrier.equalAngleGridTheta n i) (AFPBarrier.equalAngleGridHalfStep n) =
    AFPBarrier.equalAngleMeridionalMinus alpha (AFPBarrier.equalAngleGridTheta n (i + 1))
      (AFPBarrier.equalAngleGridHalfStep n)
'AFPBarrier.equalAngleGrid_meridional_shared' depends on axioms: [propext, Classical.choice, Quot.sound]
AFPBarrier.equalAngleGridTheta_reflect (n i : ℝ) (hn : n ≠ 0) :
  AFPBarrier.equalAngleGridTheta n (n - 1 - i) = Real.pi - AFPBarrier.equalAngleGridTheta n i
'AFPBarrier.equalAngleGridTheta_reflect' depends on axioms: [propext, Classical.choice, Quot.sound]
AFPBarrier.equalAngleGrid_weight_reflect (n m i : ℝ) (hn : n ≠ 0) :
  AFPBarrier.equalAngleTrigWeight (AFPBarrier.equalAngleGridAzimuthStep m)
      (AFPBarrier.equalAngleGridTheta n (n - 1 - i)) (AFPBarrier.equalAngleGridHalfStep n) =
    AFPBarrier.equalAngleTrigWeight (AFPBarrier.equalAngleGridAzimuthStep m) (AFPBarrier.equalAngleGridTheta n i)
      (AFPBarrier.equalAngleGridHalfStep n)
'AFPBarrier.equalAngleGrid_weight_reflect' depends on axioms: [propext, Classical.choice, Quot.sound]
AFPBarrier.equalAngleGrid_cos_reflect (n i : ℝ) (hn : n ≠ 0) :
  Real.cos (AFPBarrier.equalAngleGridTheta n (n - 1 - i)) = -Real.cos (AFPBarrier.equalAngleGridTheta n i)
'AFPBarrier.equalAngleGrid_cos_reflect' depends on axioms: [propext, Classical.choice, Quot.sound]
AFPBarrier.sphericalCoordinateDot_meridional (theta phi h : ℝ) :
  AFPBarrier.sphericalCoordinateDot theta phi (theta + 2 * h) phi = Real.cos (2 * h)
'AFPBarrier.sphericalCoordinateDot_meridional' depends on axioms: [propext, Classical.choice, Quot.sound]
AFPBarrier.sphericalCoordinateDot_azimuthal (theta phi beta : ℝ) :
  AFPBarrier.sphericalCoordinateDot theta phi theta (phi + beta) =
    Real.cos theta ^ 2 + Real.sin theta ^ 2 * Real.cos beta
'AFPBarrier.sphericalCoordinateDot_azimuthal' depends on axioms: [propext, Classical.choice, Quot.sound]
AFPBarrier.meridionalDotLoss_eq_two_sin_sq (theta phi h : ℝ) :
  1 - AFPBarrier.sphericalCoordinateDot theta phi (theta + 2 * h) phi = 2 * Real.sin h ^ 2
'AFPBarrier.meridionalDotLoss_eq_two_sin_sq' depends on axioms: [propext, Classical.choice, Quot.sound]
AFPBarrier.azimuthalDotLoss_eq_sin_sq_mul (theta phi beta : ℝ) :
  1 - AFPBarrier.sphericalCoordinateDot theta phi theta (phi + beta) = Real.sin theta ^ 2 * (1 - Real.cos beta)
'AFPBarrier.azimuthalDotLoss_eq_sin_sq_mul' depends on axioms: [propext, Classical.choice, Quot.sound]
AFPBarrier.equalAngle_actual_peakDefect_formula (alpha theta phi h beta bm bp : ℝ) (halpha : alpha ≠ 0)
  (hst : Real.sin theta ≠ 0) (hsh : Real.sin h ≠ 0) (hv : 1 - Real.cos beta ≠ 0)
  (hsum : bm + bp = AFPBarrier.equalAngleMeridionalTotal alpha (Real.sin theta) (Real.sin h)) :
  AFPBarrier.productLocalPeakDefect (AFPBarrier.equalAngleTrigWeight alpha theta h) bm bp
      (AFPBarrier.equalAngleTrigAzimuthConductance alpha theta h beta)
      (1 - AFPBarrier.sphericalCoordinateDot theta phi (theta + 2 * h) phi)
      (1 - AFPBarrier.sphericalCoordinateDot theta phi theta (phi + beta)) =
    2 * Real.sin h ^ 2 + Real.sin theta ^ 2 * (1 - Real.cos beta)
'AFPBarrier.equalAngle_actual_peakDefect_formula' depends on axioms: [propext, Classical.choice, Quot.sound]
AFPBarrier.equalAngleGrid_meridionalMinus_zero_north (n alpha : ℝ) :
  AFPBarrier.equalAngleMeridionalMinus alpha (AFPBarrier.equalAngleGridTheta n 0)
      (AFPBarrier.equalAngleGridHalfStep n) =
    0
'AFPBarrier.equalAngleGrid_meridionalMinus_zero_north' depends on axioms: [propext, Classical.choice, Quot.sound]
AFPBarrier.equalAngleGrid_meridionalPlus_zero_south (n alpha : ℝ) (hn : n ≠ 0) :
  AFPBarrier.equalAngleMeridionalPlus alpha (AFPBarrier.equalAngleGridTheta n (n - 1))
      (AFPBarrier.equalAngleGridHalfStep n) =
    0
'AFPBarrier.equalAngleGrid_meridionalPlus_zero_south' depends on axioms: [propext, Classical.choice, Quot.sound]
AFPBarrier.equalAngleGrid_two_mul_order_mul_halfStep (n : ℝ) (hn : n ≠ 0) :
  2 * n * AFPBarrier.equalAngleGridHalfStep n = Real.pi
'AFPBarrier.equalAngleGrid_two_mul_order_mul_halfStep' depends on axioms: [propext, Classical.choice, Quot.sound]
AFPBarrier.equalAngleGrid_meridionalMinus_pos (n m i : ℝ) (hn : 2 ≤ n) (hm : 3 ≤ m) (hi0 : 0 < i) (hiN : i ≤ n - 1) :
  0 <
    AFPBarrier.equalAngleMeridionalMinus (AFPBarrier.equalAngleGridAzimuthStep m) (AFPBarrier.equalAngleGridTheta n i)
      (AFPBarrier.equalAngleGridHalfStep n)
'AFPBarrier.equalAngleGrid_meridionalMinus_pos' depends on axioms: [propext, Classical.choice, Quot.sound]
AFPBarrier.equalAngleGrid_meridionalPlus_pos (n m i : ℝ) (hn : 2 ≤ n) (hm : 3 ≤ m) (hi0 : 0 ≤ i) (hiN : i < n - 1) :
  0 <
    AFPBarrier.equalAngleMeridionalPlus (AFPBarrier.equalAngleGridAzimuthStep m) (AFPBarrier.equalAngleGridTheta n i)
      (AFPBarrier.equalAngleGridHalfStep n)
'AFPBarrier.equalAngleGrid_meridionalPlus_pos' depends on axioms: [propext, Classical.choice, Quot.sound]
AFPBarrier.equalAngleGrid_azimuthConductance_pos (n m i : ℝ) (hn : 2 ≤ n) (hm : 3 ≤ m) (hi0 : 0 ≤ i) (hiN : i ≤ n - 1) :
  0 <
    AFPBarrier.equalAngleTrigAzimuthConductance (AFPBarrier.equalAngleGridAzimuthStep m)
      (AFPBarrier.equalAngleGridTheta n i) (AFPBarrier.equalAngleGridHalfStep n)
      (AFPBarrier.equalAngleGridAzimuthStep m)
'AFPBarrier.equalAngleGrid_azimuthConductance_pos' depends on axioms: [propext, Classical.choice, Quot.sound]
AFPBarrier.equalAngleTrigWeight_pos (alpha theta h : ℝ) (halpha : 0 < alpha) (htheta0 : 0 < theta)
  (hthetapi : theta < Real.pi) (hh0 : 0 < h) (hhpi : h < Real.pi) : 0 < AFPBarrier.equalAngleTrigWeight alpha theta h
'AFPBarrier.equalAngleTrigWeight_pos' depends on axioms: [propext, Classical.choice, Quot.sound]
AFPBarrier.equalAngleMeridionalMinus_pos (alpha theta h : ℝ) (halpha : 0 < alpha) (hlower0 : 0 < theta - h)
  (hlowerpi : theta - h < Real.pi) (hstep0 : 0 < 2 * h) (hsteppi : 2 * h < Real.pi) :
  0 < AFPBarrier.equalAngleMeridionalMinus alpha theta h
'AFPBarrier.equalAngleMeridionalMinus_pos' depends on axioms: [propext, Classical.choice, Quot.sound]
AFPBarrier.equalAngleMeridionalPlus_pos (alpha theta h : ℝ) (halpha : 0 < alpha) (hupper0 : 0 < theta + h)
  (hupperpi : theta + h < Real.pi) (hstep0 : 0 < 2 * h) (hsteppi : 2 * h < Real.pi) :
  0 < AFPBarrier.equalAngleMeridionalPlus alpha theta h
'AFPBarrier.equalAngleMeridionalPlus_pos' depends on axioms: [propext, Classical.choice, Quot.sound]
AFPBarrier.equalAngleTrigAzimuthConductance_pos (alpha theta h beta : ℝ) (halpha : 0 < alpha) (htheta0 : 0 < theta)
  (hthetapi : theta < Real.pi) (hh0 : 0 < h) (hhpi : h < Real.pi) (hbeta : 0 < 1 - Real.cos beta) :
  0 < AFPBarrier.equalAngleTrigAzimuthConductance alpha theta h beta
'AFPBarrier.equalAngleTrigAzimuthConductance_pos' depends on axioms: [propext, Classical.choice, Quot.sound]
AFPBarrier.equalAngle_meridional_sum_trig (alpha theta h : ℝ) (hs : Real.sin h ≠ 0) (hc : Real.cos h ≠ 0) :
  AFPBarrier.equalAngleMeridionalMinus alpha theta h + AFPBarrier.equalAngleMeridionalPlus alpha theta h =
    AFPBarrier.equalAngleMeridionalTotal alpha (Real.sin theta) (Real.sin h)
'AFPBarrier.equalAngle_meridional_sum_trig' depends on axioms: [propext, Classical.choice, Quot.sound]
AFPBarrier.equalAngle_axial_balance_trig (alpha theta h : ℝ) (hs : Real.sin h ≠ 0) (hc : Real.cos h ≠ 0) :
  AFPBarrier.equalAngleMeridionalMinus alpha theta h * (Real.cos (theta - 2 * h) - Real.cos theta) +
      AFPBarrier.equalAngleMeridionalPlus alpha theta h * (Real.cos (theta + 2 * h) - Real.cos theta) =
    -2 * AFPBarrier.equalAngleTrigWeight alpha theta h * Real.cos theta
'AFPBarrier.equalAngle_axial_balance_trig' depends on axioms: [propext, Classical.choice, Quot.sound]
AFPBarrier.equalAngle_transverse_meridional_balance_trig (alpha theta h : ℝ) (hs : Real.sin h ≠ 0)
  (hc : Real.cos h ≠ 0) :
  AFPBarrier.equalAngleMeridionalMinus alpha theta h * (Real.sin (theta - 2 * h) - Real.sin theta) +
      AFPBarrier.equalAngleMeridionalPlus alpha theta h * (Real.sin (theta + 2 * h) - Real.sin theta) =
    2 * alpha * Real.sin h * Real.cos (2 * theta)
'AFPBarrier.equalAngle_transverse_meridional_balance_trig' depends on axioms: [propext, Classical.choice, Quot.sound]
AFPBarrier.equalAngle_azimuth_cos_balance_trig (alpha theta h beta phi : ℝ) (hst : Real.sin theta ≠ 0)
  (hv : 1 - Real.cos beta ≠ 0) :
  AFPBarrier.equalAngleTrigAzimuthConductance alpha theta h beta *
        (Real.sin theta * Real.cos (phi - beta) - Real.sin theta * Real.cos phi) +
      AFPBarrier.equalAngleTrigAzimuthConductance alpha theta h beta *
        (Real.sin theta * Real.cos (phi + beta) - Real.sin theta * Real.cos phi) =
    -2 * alpha * Real.sin h * Real.cos phi
'AFPBarrier.equalAngle_azimuth_cos_balance_trig' depends on axioms: [propext, Classical.choice, Quot.sound]
AFPBarrier.equalAngle_azimuth_sin_balance_trig (alpha theta h beta phi : ℝ) (hst : Real.sin theta ≠ 0)
  (hv : 1 - Real.cos beta ≠ 0) :
  AFPBarrier.equalAngleTrigAzimuthConductance alpha theta h beta *
        (Real.sin theta * Real.sin (phi - beta) - Real.sin theta * Real.sin phi) +
      AFPBarrier.equalAngleTrigAzimuthConductance alpha theta h beta *
        (Real.sin theta * Real.sin (phi + beta) - Real.sin theta * Real.sin phi) =
    -2 * alpha * Real.sin h * Real.sin phi
'AFPBarrier.equalAngle_azimuth_sin_balance_trig' depends on axioms: [propext, Classical.choice, Quot.sound]
AFPBarrier.equalAngle_productNodeAction_cos_eq (alpha theta h beta : ℝ)
  (hq : AFPBarrier.equalAngleTrigWeight alpha theta h ≠ 0) (hs : Real.sin h ≠ 0) (hc : Real.cos h ≠ 0) :
  AFPBarrier.productNodeAction (AFPBarrier.equalAngleTrigWeight alpha theta h)
      (AFPBarrier.equalAngleMeridionalMinus alpha theta h) (AFPBarrier.equalAngleMeridionalPlus alpha theta h)
      (AFPBarrier.equalAngleTrigAzimuthConductance alpha theta h beta) (Real.cos theta) (Real.cos (theta - 2 * h))
      (Real.cos (theta + 2 * h)) (Real.cos theta) (Real.cos theta) =
    -2 * Real.cos theta
'AFPBarrier.equalAngle_productNodeAction_cos_eq' depends on axioms: [propext, Classical.choice, Quot.sound]
AFPBarrier.equalAngle_productNodeAction_sin_cos_eq (alpha theta h beta phi : ℝ)
  (hq : AFPBarrier.equalAngleTrigWeight alpha theta h ≠ 0) (hs : Real.sin h ≠ 0) (hc : Real.cos h ≠ 0)
  (hst : Real.sin theta ≠ 0) (hv : 1 - Real.cos beta ≠ 0) :
  AFPBarrier.productNodeAction (AFPBarrier.equalAngleTrigWeight alpha theta h)
      (AFPBarrier.equalAngleMeridionalMinus alpha theta h) (AFPBarrier.equalAngleMeridionalPlus alpha theta h)
      (AFPBarrier.equalAngleTrigAzimuthConductance alpha theta h beta) (Real.sin theta * Real.cos phi)
      (Real.sin (theta - 2 * h) * Real.cos phi) (Real.sin (theta + 2 * h) * Real.cos phi)
      (Real.sin theta * Real.cos (phi - beta)) (Real.sin theta * Real.cos (phi + beta)) =
    -2 * (Real.sin theta * Real.cos phi)
'AFPBarrier.equalAngle_productNodeAction_sin_cos_eq' depends on axioms: [propext, Classical.choice, Quot.sound]
AFPBarrier.equalAngle_productNodeAction_sin_sin_eq (alpha theta h beta phi : ℝ)
  (hq : AFPBarrier.equalAngleTrigWeight alpha theta h ≠ 0) (hs : Real.sin h ≠ 0) (hc : Real.cos h ≠ 0)
  (hst : Real.sin theta ≠ 0) (hv : 1 - Real.cos beta ≠ 0) :
  AFPBarrier.productNodeAction (AFPBarrier.equalAngleTrigWeight alpha theta h)
      (AFPBarrier.equalAngleMeridionalMinus alpha theta h) (AFPBarrier.equalAngleMeridionalPlus alpha theta h)
      (AFPBarrier.equalAngleTrigAzimuthConductance alpha theta h beta) (Real.sin theta * Real.sin phi)
      (Real.sin (theta - 2 * h) * Real.sin phi) (Real.sin (theta + 2 * h) * Real.sin phi)
      (Real.sin theta * Real.sin (phi - beta)) (Real.sin theta * Real.sin (phi + beta)) =
    -2 * (Real.sin theta * Real.sin phi)
'AFPBarrier.equalAngle_productNodeAction_sin_sin_eq' depends on axioms: [propext, Classical.choice, Quot.sound]
AFPBarrier.equalAngleGridHalfStep_pos (n : ℝ) (hn : 0 < n) : 0 < AFPBarrier.equalAngleGridHalfStep n
'AFPBarrier.equalAngleGridHalfStep_pos' depends on axioms: [propext, Classical.choice, Quot.sound]
AFPBarrier.equalAngleGridHalfStep_lt_pi_div_two (n : ℝ) (hn : 2 ≤ n) : AFPBarrier.equalAngleGridHalfStep n < Real.pi / 2
'AFPBarrier.equalAngleGridHalfStep_lt_pi_div_two' depends on axioms: [propext, Classical.choice, Quot.sound]
AFPBarrier.equalAngleGridTheta_pos (n i : ℝ) (hn : 0 < n) (hi0 : 0 ≤ i) : 0 < AFPBarrier.equalAngleGridTheta n i
'AFPBarrier.equalAngleGridTheta_pos' depends on axioms: [propext, Classical.choice, Quot.sound]
AFPBarrier.equalAngleGridTheta_lt_pi (n i : ℝ) (hn : 0 < n) (hi : i ≤ n - 1) :
  AFPBarrier.equalAngleGridTheta n i < Real.pi
'AFPBarrier.equalAngleGridTheta_lt_pi' depends on axioms: [propext, Classical.choice, Quot.sound]
AFPBarrier.equalAngleGridAzimuthStep_pos (m : ℝ) (hm : 0 < m) : 0 < AFPBarrier.equalAngleGridAzimuthStep m
'AFPBarrier.equalAngleGridAzimuthStep_pos' depends on axioms: [propext, Classical.choice, Quot.sound]
AFPBarrier.equalAngleGridAzimuthStep_lt_two_pi (m : ℝ) (hm : 1 < m) :
  AFPBarrier.equalAngleGridAzimuthStep m < 2 * Real.pi
'AFPBarrier.equalAngleGridAzimuthStep_lt_two_pi' depends on axioms: [propext, Classical.choice, Quot.sound]
AFPBarrier.one_sub_cos_pos_of_pos_of_lt_two_pi (beta : ℝ) (hb0 : 0 < beta) (hb2pi : beta < 2 * Real.pi) :
  0 < 1 - Real.cos beta
'AFPBarrier.one_sub_cos_pos_of_pos_of_lt_two_pi' depends on axioms: [propext, Classical.choice, Quot.sound]
AFPBarrier.equalAngleGrid_parameter_facts (n m i : ℝ) (hn : 2 ≤ n) (hm : 3 ≤ m) (hi0 : 0 ≤ i) (hiN : i ≤ n - 1) :
  have h := AFPBarrier.equalAngleGridHalfStep n;
  have theta := AFPBarrier.equalAngleGridTheta n i;
  have beta := AFPBarrier.equalAngleGridAzimuthStep m;
  0 < h ∧
    h < Real.pi / 2 ∧
      0 < theta ∧
        theta < Real.pi ∧
          0 < beta ∧ beta < 2 * Real.pi ∧ Real.sin h ≠ 0 ∧ Real.cos h ≠ 0 ∧ Real.sin theta ≠ 0 ∧ 1 - Real.cos beta ≠ 0
'AFPBarrier.equalAngleGrid_parameter_facts' depends on axioms: [propext, Classical.choice, Quot.sound]
AFPBarrier.equalAngleGrid_weight_pos (n m i : ℝ) (hn : 2 ≤ n) (hm : 3 ≤ m) (hi0 : 0 ≤ i) (hiN : i ≤ n - 1) :
  0 <
    AFPBarrier.equalAngleTrigWeight (AFPBarrier.equalAngleGridAzimuthStep m) (AFPBarrier.equalAngleGridTheta n i)
      (AFPBarrier.equalAngleGridHalfStep n)
'AFPBarrier.equalAngleGrid_weight_pos' depends on axioms: [propext, Classical.choice, Quot.sound]
AFPBarrier.equalAngleGrid_coordinate_exact (n m i j : ℝ) (hn : 2 ≤ n) (hm : 3 ≤ m) (hi0 : 0 ≤ i) (hiN : i ≤ n - 1) :
  have h := AFPBarrier.equalAngleGridHalfStep n;
  have theta := AFPBarrier.equalAngleGridTheta n i;
  have beta := AFPBarrier.equalAngleGridAzimuthStep m;
  have phi := AFPBarrier.equalAngleGridPhi m j;
  AFPBarrier.productNodeAction (AFPBarrier.equalAngleTrigWeight beta theta h)
        (AFPBarrier.equalAngleMeridionalMinus beta theta h) (AFPBarrier.equalAngleMeridionalPlus beta theta h)
        (AFPBarrier.equalAngleTrigAzimuthConductance beta theta h beta) (Real.cos theta) (Real.cos (theta - 2 * h))
        (Real.cos (theta + 2 * h)) (Real.cos theta) (Real.cos theta) =
      -2 * Real.cos theta ∧
    AFPBarrier.productNodeAction (AFPBarrier.equalAngleTrigWeight beta theta h)
          (AFPBarrier.equalAngleMeridionalMinus beta theta h) (AFPBarrier.equalAngleMeridionalPlus beta theta h)
          (AFPBarrier.equalAngleTrigAzimuthConductance beta theta h beta) (Real.sin theta * Real.cos phi)
          (Real.sin (theta - 2 * h) * Real.cos phi) (Real.sin (theta + 2 * h) * Real.cos phi)
          (Real.sin theta * Real.cos (phi - beta)) (Real.sin theta * Real.cos (phi + beta)) =
        -2 * (Real.sin theta * Real.cos phi) ∧
      AFPBarrier.productNodeAction (AFPBarrier.equalAngleTrigWeight beta theta h)
          (AFPBarrier.equalAngleMeridionalMinus beta theta h) (AFPBarrier.equalAngleMeridionalPlus beta theta h)
          (AFPBarrier.equalAngleTrigAzimuthConductance beta theta h beta) (Real.sin theta * Real.sin phi)
          (Real.sin (theta - 2 * h) * Real.sin phi) (Real.sin (theta + 2 * h) * Real.sin phi)
          (Real.sin theta * Real.sin (phi - beta)) (Real.sin theta * Real.sin (phi + beta)) =
        -2 * (Real.sin theta * Real.sin phi)
'AFPBarrier.equalAngleGrid_coordinate_exact' depends on axioms: [propext, Classical.choice, Quot.sound]
AFPBarrier.productNodeAction_const (q bm bp c f0 : ℝ) : AFPBarrier.productNodeAction q bm bp c f0 f0 f0 f0 f0 = 0
'AFPBarrier.productNodeAction_const' depends on axioms: [propext, Classical.choice, Quot.sound]
AFPBarrier.productNodeAction_eq_of_balance (q bm bp c f0 fm fp fl fr lam : ℝ) (hq : q ≠ 0)
  (hbalance : bm * (fm - f0) + bp * (fp - f0) + c * (fl - f0) + c * (fr - f0) = -lam * q * f0) :
  AFPBarrier.productNodeAction q bm bp c f0 fm fp fl fr = -lam * f0
'AFPBarrier.productNodeAction_eq_of_balance' depends on axioms: [propext, Classical.choice, Quot.sound]
AFPBarrier.productNodeAction_axial (q bm bp c x xm xp lam : ℝ) (hq : q ≠ 0)
  (hbalance : bm * (xm - x) + bp * (xp - x) = -lam * q * x) :
  AFPBarrier.productNodeAction q bm bp c x xm xp x x = -lam * x
'AFPBarrier.productNodeAction_axial' depends on axioms: [propext, Classical.choice, Quot.sound]
AFPBarrier.equalAngleWeight_pos (alpha st sh : ℝ) (halpha : 0 < alpha) (hst : 0 < st) (hsh : 0 < sh) :
  0 < AFPBarrier.equalAngleWeight alpha st sh
'AFPBarrier.equalAngleWeight_pos' depends on axioms: [propext, Classical.choice, Quot.sound]
AFPBarrier.equalAngleMeridionalTotal_pos (alpha st sh : ℝ) (halpha : 0 < alpha) (hst : 0 < st) (hsh : 0 < sh) :
  0 < AFPBarrier.equalAngleMeridionalTotal alpha st sh
'AFPBarrier.equalAngleMeridionalTotal_pos' depends on axioms: [propext, Classical.choice, Quot.sound]
AFPBarrier.equalAngleAzimuthConductance_pos (alpha sh v st : ℝ) (halpha : 0 < alpha) (hsh : 0 < sh) (hv : 0 < v)
  (hst : 0 < st) : 0 < AFPBarrier.equalAngleAzimuthConductance alpha sh v st
'AFPBarrier.equalAngleAzimuthConductance_pos' depends on axioms: [propext, Classical.choice, Quot.sound]
AFPBarrier.equalAngle_meridional_rate (alpha st sh : ℝ) (halpha : alpha ≠ 0) (hst : st ≠ 0) (hsh : sh ≠ 0) :
  AFPBarrier.equalAngleMeridionalTotal alpha st sh / AFPBarrier.equalAngleWeight alpha st sh = 1 / (2 * sh ^ 2)
'AFPBarrier.equalAngle_meridional_rate' depends on axioms: [propext, Classical.choice, Quot.sound]
AFPBarrier.equalAngle_azimuth_rate (alpha st sh v : ℝ) (halpha : alpha ≠ 0) (hst : st ≠ 0) (hsh : sh ≠ 0) (hv : v ≠ 0) :
  AFPBarrier.equalAngleAzimuthConductance alpha sh v st / AFPBarrier.equalAngleWeight alpha st sh = 1 / (2 * v * st ^ 2)
'AFPBarrier.equalAngle_azimuth_rate' depends on axioms: [propext, Classical.choice, Quot.sound]
AFPBarrier.equalAngle_peakDefect_formula (alpha st sh v bm bp : ℝ) (halpha : alpha ≠ 0) (hst : st ≠ 0) (hsh : sh ≠ 0)
  (hv : v ≠ 0) (hsum : bm + bp = AFPBarrier.equalAngleMeridionalTotal alpha st sh) :
  AFPBarrier.productLocalPeakDefect (AFPBarrier.equalAngleWeight alpha st sh) bm bp
      (AFPBarrier.equalAngleAzimuthConductance alpha sh v st) (2 * sh ^ 2) (st ^ 2 * v) =
    2 * sh ^ 2 + st ^ 2 * v
'AFPBarrier.equalAngle_peakDefect_formula' depends on axioms: [propext, Classical.choice, Quot.sound]
AFPBarrier.equalAngle_rate_formula (alpha st sh v bm bp : ℝ) (halpha : alpha ≠ 0) (hst : st ≠ 0) (hsh : sh ≠ 0)
  (hv : v ≠ 0) (hsum : bm + bp = AFPBarrier.equalAngleMeridionalTotal alpha st sh) :
  AFPBarrier.productLocalRate (AFPBarrier.equalAngleWeight alpha st sh) bm bp
      (AFPBarrier.equalAngleAzimuthConductance alpha sh v st) =
    1 / (2 * sh ^ 2) + 1 / (v * st ^ 2)
'AFPBarrier.equalAngle_rate_formula' depends on axioms: [propext, Classical.choice, Quot.sound]
AFPBarrier.squarePolar_rate_formula (alpha sh bm bp : ℝ) (halpha : alpha ≠ 0) (hsh : sh ≠ 0)
  (hsum : bm + bp = AFPBarrier.equalAngleMeridionalTotal alpha sh sh) :
  AFPBarrier.productLocalRate (AFPBarrier.equalAngleWeight alpha sh sh) bm bp
      (AFPBarrier.equalAngleAzimuthConductance alpha sh (2 * sh ^ 2) sh) =
    1 / (2 * sh ^ 2) + 1 / (2 * sh ^ 4)
'AFPBarrier.squarePolar_rate_formula' depends on axioms: [propext, Classical.choice, Quot.sound]
AFPBarrier.squarePolar_peakDefect_formula (alpha sh bm bp : ℝ) (halpha : alpha ≠ 0) (hsh : sh ≠ 0)
  (hsum : bm + bp = AFPBarrier.equalAngleMeridionalTotal alpha sh sh) :
  AFPBarrier.productLocalPeakDefect (AFPBarrier.equalAngleWeight alpha sh sh) bm bp
      (AFPBarrier.equalAngleAzimuthConductance alpha sh (2 * sh ^ 2) sh) (2 * sh ^ 2) (sh ^ 2 * (2 * sh ^ 2)) =
    2 * sh ^ 2 + 2 * sh ^ 4
'AFPBarrier.squarePolar_peakDefect_formula' depends on axioms: [propext, Classical.choice, Quot.sound]
AFPBarrier.equalAngle_defect_pos (st sh v : ℝ) (hst : 0 < st) (hsh : 0 < sh) (hv : 0 < v) : 0 < 2 * sh ^ 2 + st ^ 2 * v
'AFPBarrier.equalAngle_defect_pos' depends on axioms: [propext, Classical.choice, Quot.sound]
AFPBarrier.sum_range_sub_succ_real (f : ℕ → ℝ) (N : ℕ) : ∑ i ∈ Finset.range N, (f i - f (i + 1)) = f 0 - f N
'AFPBarrier.sum_range_sub_succ_real' depends on axioms: [propext, Classical.choice, Quot.sound]
AFPBarrier.equalAngleTrigWeight_eq_cos_difference (alpha theta h : ℝ) :
  AFPBarrier.equalAngleTrigWeight alpha theta h = alpha * (Real.cos (theta - h) - Real.cos (theta + h))
'AFPBarrier.equalAngleTrigWeight_eq_cos_difference' depends on axioms: [propext, Classical.choice, Quot.sound]
AFPBarrier.equalAngleGrid_weight_telescope (n alpha : ℝ) (i : ℕ) :
  AFPBarrier.equalAngleTrigWeight alpha (AFPBarrier.equalAngleGridTheta n ↑i) (AFPBarrier.equalAngleGridHalfStep n) =
    alpha *
      (Real.cos (2 * ↑i * AFPBarrier.equalAngleGridHalfStep n) -
        Real.cos (2 * ↑(i + 1) * AFPBarrier.equalAngleGridHalfStep n))
'AFPBarrier.equalAngleGrid_weight_telescope' depends on axioms: [propext, Classical.choice, Quot.sound]
AFPBarrier.sum_equalAngleGrid_ringWeights (N : ℕ) (hN : 0 < N) (alpha : ℝ) :
  ∑ i ∈ Finset.range N,
      AFPBarrier.equalAngleTrigWeight alpha (AFPBarrier.equalAngleGridTheta ↑N ↑i)
        (AFPBarrier.equalAngleGridHalfStep ↑N) =
    2 * alpha
'AFPBarrier.sum_equalAngleGrid_ringWeights' depends on axioms: [propext, Classical.choice, Quot.sound]
AFPBarrier.sum_equalAngleGrid_allWeights (N M : ℕ) (hN : 0 < N) (hM : 0 < M) :
  ∑ i ∈ Finset.range N,
      ∑ _j ∈ Finset.range M,
        AFPBarrier.equalAngleTrigWeight (AFPBarrier.equalAngleGridAzimuthStep ↑M) (AFPBarrier.equalAngleGridTheta ↑N ↑i)
          (AFPBarrier.equalAngleGridHalfStep ↑N) =
    4 * Real.pi
'AFPBarrier.sum_equalAngleGrid_allWeights' depends on axioms: [propext, Classical.choice, Quot.sound]
AFPBarrier.sin_halfStep_le_of_mem_symmetric_interval (h theta : ℝ) (hh0 : 0 ≤ h) (hhhalf : h ≤ Real.pi / 2)
  (htlo : h ≤ theta) (hthi : theta ≤ Real.pi - h) : Real.sin h ≤ Real.sin theta
'AFPBarrier.sin_halfStep_le_of_mem_symmetric_interval' depends on axioms: [propext, Classical.choice, Quot.sound]
AFPBarrier.equalAngleGridTheta_mem_symmetric_interval (n i : ℝ) (hn : 2 ≤ n) (hi0 : 0 ≤ i) (hiN : i ≤ n - 1) :
  AFPBarrier.equalAngleGridHalfStep n ≤ AFPBarrier.equalAngleGridTheta n i ∧
    AFPBarrier.equalAngleGridTheta n i ≤ Real.pi - AFPBarrier.equalAngleGridHalfStep n
'AFPBarrier.equalAngleGridTheta_mem_symmetric_interval' depends on axioms: [propext, Classical.choice, Quot.sound]
AFPBarrier.equalAngleGrid_sin_halfStep_le_sin_theta (n i : ℝ) (hn : 2 ≤ n) (hi0 : 0 ≤ i) (hiN : i ≤ n - 1) :
  Real.sin (AFPBarrier.equalAngleGridHalfStep n) ≤ Real.sin (AFPBarrier.equalAngleGridTheta n i)
'AFPBarrier.equalAngleGrid_sin_halfStep_le_sin_theta' depends on axioms: [propext, Classical.choice, Quot.sound]
AFPBarrier.squareRingRate_le_polar_of_sin_sq (h st : ℝ) (hs : 0 < Real.sin h) (hst : Real.sin h ^ 2 ≤ st ^ 2) :
  AFPBarrier.squareRingRate h st ≤ AFPBarrier.squarePolarRateFromStep h
'AFPBarrier.squareRingRate_le_polar_of_sin_sq' depends on axioms: [propext, Classical.choice, Quot.sound]
AFPBarrier.equalAngleGrid_squareRingRate_le_polar (n i : ℝ) (hn : 2 ≤ n) (hi0 : 0 ≤ i) (hiN : i ≤ n - 1) :
  AFPBarrier.squareRingRate (AFPBarrier.equalAngleGridHalfStep n) (Real.sin (AFPBarrier.equalAngleGridTheta n i)) ≤
    AFPBarrier.squarePolarRateFromStep (AFPBarrier.equalAngleGridHalfStep n)
'AFPBarrier.equalAngleGrid_squareRingRate_le_polar' depends on axioms: [propext, Classical.choice, Quot.sound]
AFPBarrier.normalizedAngularScale_pos.{u_1} {ι : Type u_1} [Fintype ι] (beta halfTan : ι → ℝ)
  (hbeta : ∀ (j : ι), 0 ≤ beta j) (hbetaSum : Finset.univ.sum beta = 1) (hhalfTan : ∀ (j : ι), 0 < halfTan j) :
  0 < AFPBarrier.normalizedAngularScale beta halfTan
'AFPBarrier.normalizedAngularScale_pos' depends on axioms: [propext, Classical.choice, Quot.sound]
AFPBarrier.exactLocalRowRate_nonneg.{u_1} {ι : Type u_1} [Fintype ι] (beta sinTheta halfTan : ι → ℝ)
  (hbeta : ∀ (j : ι), 0 ≤ beta j) (hbetaSum : Finset.univ.sum beta = 1) (hsin : ∀ (j : ι), 0 < sinTheta j)
  (hhalfTan : ∀ (j : ι), 0 < halfTan j) (j : ι) : 0 ≤ AFPBarrier.exactLocalRowRate beta sinTheta halfTan j
'AFPBarrier.exactLocalRowRate_nonneg' depends on axioms: [propext, Classical.choice, Quot.sound]
AFPBarrier.exactLocalRowRate_pos.{u_1} {ι : Type u_1} [Fintype ι] (beta sinTheta halfTan : ι → ℝ)
  (hbeta : ∀ (j : ι), 0 < beta j) (hbetaSum : Finset.univ.sum beta = 1) (hsin : ∀ (j : ι), 0 < sinTheta j)
  (hhalfTan : ∀ (j : ι), 0 < halfTan j) (j : ι) : 0 < AFPBarrier.exactLocalRowRate beta sinTheta halfTan j
'AFPBarrier.exactLocalRowRate_pos' depends on axioms: [propext, Classical.choice, Quot.sound]
AFPBarrier.exactLocalRowRate_tangent_balance.{u_1, u_2} {ι : Type u_1} {κ : Type u_2} [Fintype ι] [Fintype κ]
  (beta sinTheta halfTan : ι → ℝ) (u : ι → κ → ℝ) (hbeta : ∀ (j : ι), 0 ≤ beta j) (hbetaSum : Finset.univ.sum beta = 1)
  (hsin : ∀ (j : ι), 0 < sinTheta j) (hhalfTan : ∀ (j : ι), 0 < halfTan j)
  (htangent : ∀ (k : κ), ∑ j, beta j * u j k = 0) (k : κ) :
  ∑ j, AFPBarrier.exactLocalRowRate beta sinTheta halfTan j * sinTheta j * u j k = 0
'AFPBarrier.exactLocalRowRate_tangent_balance' depends on axioms: [propext, Classical.choice, Quot.sound]
AFPBarrier.exactLocalRowRate_normal_balance.{u_1} {ι : Type u_1} [Fintype ι] (beta sinTheta halfTan : ι → ℝ)
  (hbeta : ∀ (j : ι), 0 ≤ beta j) (hbetaSum : Finset.univ.sum beta = 1) (hsin : ∀ (j : ι), 0 < sinTheta j)
  (hhalfTan : ∀ (j : ι), 0 < halfTan j) :
  ∑ j, AFPBarrier.exactLocalRowRate beta sinTheta halfTan j * (sinTheta j * halfTan j) = 2
'AFPBarrier.exactLocalRowRate_normal_balance' depends on axioms: [propext, Classical.choice, Quot.sound]
AFPBarrier.exactLocalRowRate_sum.{u_1} {ι : Type u_1} [Fintype ι] (beta sinTheta halfTan : ι → ℝ)
  (hsin : ∀ (j : ι), 0 < sinTheta j) (hscale : AFPBarrier.normalizedAngularScale beta halfTan ≠ 0) :
  Finset.univ.sum (AFPBarrier.exactLocalRowRate beta sinTheta halfTan) =
    2 / AFPBarrier.normalizedAngularScale beta halfTan * ∑ j, beta j / sinTheta j
'AFPBarrier.exactLocalRowRate_sum' depends on axioms: [propext, Classical.choice, Quot.sound]
AFPBarrier.tangentMass_pos_of_normal_balance.{u_1} {ι : Type u_1} [Fintype ι] (a sinTheta halfTan : ι → ℝ)
  (ha : ∀ (j : ι), 0 ≤ a j) (hsin : ∀ (j : ι), 0 < sinTheta j) (hnormal : ∑ j, a j * (sinTheta j * halfTan j) = 2) :
  0 < AFPBarrier.tangentMass a sinTheta
'AFPBarrier.tangentMass_pos_of_normal_balance' depends on axioms: [propext, Classical.choice, Quot.sound]
AFPBarrier.normalizedTangentWeight_nonneg.{u_1} {ι : Type u_1} [Fintype ι] (a sinTheta : ι → ℝ)
  (ha : ∀ (j : ι), 0 ≤ a j) (hsin : ∀ (j : ι), 0 ≤ sinTheta j) (hmass : 0 < AFPBarrier.tangentMass a sinTheta) (j : ι) :
  0 ≤ AFPBarrier.normalizedTangentWeight a sinTheta j
'AFPBarrier.normalizedTangentWeight_nonneg' depends on axioms: [propext, Classical.choice, Quot.sound]
AFPBarrier.normalizedTangentWeight_sum.{u_1} {ι : Type u_1} [Fintype ι] (a sinTheta : ι → ℝ)
  (hmass : AFPBarrier.tangentMass a sinTheta ≠ 0) : Finset.univ.sum (AFPBarrier.normalizedTangentWeight a sinTheta) = 1
'AFPBarrier.normalizedTangentWeight_sum' depends on axioms: [propext, Classical.choice, Quot.sound]
AFPBarrier.normalizedTangentWeight_balance.{u_1, u_2} {ι : Type u_1} {κ : Type u_2} [Fintype ι] [Fintype κ]
  (a sinTheta : ι → ℝ) (u : ι → κ → ℝ) (htangent : ∀ (k : κ), ∑ j, a j * sinTheta j * u j k = 0) (k : κ) :
  ∑ j, AFPBarrier.normalizedTangentWeight a sinTheta j * u j k = 0
'AFPBarrier.normalizedTangentWeight_balance' depends on axioms: [propext, Classical.choice, Quot.sound]
AFPBarrier.normalizedAngularScale_normalizedTangentWeight.{u_1} {ι : Type u_1} [Fintype ι] (a sinTheta halfTan : ι → ℝ)
  (hnormal : ∑ j, a j * (sinTheta j * halfTan j) = 2) :
  AFPBarrier.normalizedAngularScale (AFPBarrier.normalizedTangentWeight a sinTheta) halfTan =
    2 / AFPBarrier.tangentMass a sinTheta
'AFPBarrier.normalizedAngularScale_normalizedTangentWeight' depends on axioms: [propext, Classical.choice, Quot.sound]
AFPBarrier.exactLocalRowRate_recover.{u_1} {ι : Type u_1} [Fintype ι] (a sinTheta halfTan : ι → ℝ)
  (hsin : ∀ (j : ι), 0 < sinTheta j) (hmass : AFPBarrier.tangentMass a sinTheta ≠ 0)
  (hnormal : ∑ j, a j * (sinTheta j * halfTan j) = 2) (j : ι) :
  AFPBarrier.exactLocalRowRate (AFPBarrier.normalizedTangentWeight a sinTheta) sinTheta halfTan j = a j
'AFPBarrier.exactLocalRowRate_recover' depends on axioms: [propext, Classical.choice, Quot.sound]
AFPBarrier.explicitEulerStep_eq_self_weight_add_neighbors.{u_1} {ι : Type u_1} [Fintype ι] [DecidableEq ι]
  (a : ι → ι → ℝ) (dt : ℝ) (f : ι → ℝ) (i : ι) :
  AFPBarrier.explicitEulerStep a dt f i =
    (1 - dt * AFPBarrier.jumpRate a i) * f i + dt * ∑ j ∈ AFPBarrier.offdiag i, a i j * f j
'AFPBarrier.explicitEulerStep_eq_self_weight_add_neighbors' depends on axioms: [propext, Classical.choice, Quot.sound]
AFPBarrier.explicitEulerStep_eigenmode.{u_1} {ι : Type u_1} [Fintype ι] [DecidableEq ι] (a : ι → ι → ℝ) (dt lam : ℝ)
  (f : ι → ℝ) (i : ι) (heigen : AFPBarrier.jumpGenerator a f i = -lam * f i) :
  AFPBarrier.explicitEulerStep a dt f i = (1 - dt * lam) * f i
'AFPBarrier.explicitEulerStep_eigenmode' depends on axioms: [propext, Classical.choice, Quot.sound]
AFPBarrier.explicitEulerStep_nonneg.{u_1} {ι : Type u_1} [Fintype ι] [DecidableEq ι] (a : ι → ι → ℝ) (dt : ℝ)
  (f : ι → ℝ) (i : ι) (ha : ∀ (j : ι), j ≠ i → 0 ≤ a i j) (hdt : 0 ≤ dt) (hcfl : dt * AFPBarrier.jumpRate a i ≤ 1)
  (hf : ∀ (j : ι), 0 ≤ f j) : 0 ≤ AFPBarrier.explicitEulerStep a dt f i
'AFPBarrier.explicitEulerStep_nonneg' depends on axioms: [propext, Classical.choice, Quot.sound]
AFPBarrier.unitAt_self.{u_1} {ι : Type u_1} [Fintype ι] [DecidableEq ι] (i : ι) : AFPBarrier.unitAt i i = 1
'AFPBarrier.unitAt_self' depends on axioms: [propext, Classical.choice, Quot.sound]
AFPBarrier.unitAt_of_ne.{u_1} {ι : Type u_1} [Fintype ι] [DecidableEq ι] (i j : ι) (hji : j ≠ i) :
  AFPBarrier.unitAt i j = 0
'AFPBarrier.unitAt_of_ne' depends on axioms: [propext, Classical.choice, Quot.sound]
AFPBarrier.explicitEulerStep_unitAt.{u_1} {ι : Type u_1} [Fintype ι] [DecidableEq ι] (a : ι → ι → ℝ) (dt : ℝ) (i : ι) :
  AFPBarrier.explicitEulerStep a dt (AFPBarrier.unitAt i) i = 1 - dt * AFPBarrier.jumpRate a i
'AFPBarrier.explicitEulerStep_unitAt' depends on axioms: [propext, Classical.choice, Quot.sound]
AFPBarrier.explicitEulerStep_unitAt_neg_of_cfl_violation.{u_1} {ι : Type u_1} [Fintype ι] [DecidableEq ι]
  (a : ι → ι → ℝ) (dt : ℝ) (i : ι) (hcfl : 1 < dt * AFPBarrier.jumpRate a i) :
  AFPBarrier.explicitEulerStep a dt (AFPBarrier.unitAt i) i < 0
'AFPBarrier.explicitEulerStep_unitAt_neg_of_cfl_violation' depends on axioms: [propext, Classical.choice, Quot.sound]
AFPBarrier.weighted_sum_explicitEuler_conductanceRate.{u_1} {ι : Type u_1} [Fintype ι] [DecidableEq ι] (γ : ι → ι → ℝ)
  (w f : ι → ℝ) (dt : ℝ) (hγsymm : ∀ (i j : ι), γ i j = γ j i) (hw : ∀ (i : ι), w i ≠ 0) :
  ∑ i, w i * AFPBarrier.explicitEulerStep (AFPBarrier.conductanceRate γ w) dt f i = ∑ i, w i * f i
'AFPBarrier.weighted_sum_explicitEuler_conductanceRate' depends on axioms: [propext, Classical.choice, Quot.sound]
AFPBarrier.weightedAdjointRate_nonneg.{u_2} {κ : Type u_2} (M : κ → κ → ℝ) (w : κ → ℝ) (hw : ∀ (i : κ), 0 < w i)
  (hM : ∀ (i j : κ), i ≠ j → 0 ≤ M i j) (i j : κ) (hji : j ≠ i) : 0 ≤ AFPBarrier.weightedAdjointRate M w i j
'AFPBarrier.weightedAdjointRate_nonneg' depends on axioms: [propext, Classical.choice, Quot.sound]
AFPBarrier.jumpGenerator_weightedAdjointRate_eq.{u_1} {ι : Type u_1} [Fintype ι] [DecidableEq ι] (M : ι → ι → ℝ)
  (w f : ι → ℝ) (i : ι) (hconservation : ∑ j, w j * M j i = 0) :
  AFPBarrier.jumpGenerator (AFPBarrier.weightedAdjointRate M w) f i = (∑ j, w j * M j i * f j) / w i
'AFPBarrier.jumpGenerator_weightedAdjointRate_eq' depends on axioms: [propext, Classical.choice, Quot.sound]
AFPBarrier.jumpGenerator_weightedAdjointRate_eigen.{u_1} {ι : Type u_1} [Fintype ι] [DecidableEq ι] (M : ι → ι → ℝ)
  (w f : ι → ℝ) (i : ι) (lam : ℝ) (hw : ∀ (i : ι), 0 < w i) (hconservation : ∑ j, w j * M j i = 0)
  (hmoment : ∑ j, w j * f j * M j i = -lam * w i * f i) :
  AFPBarrier.jumpGenerator (AFPBarrier.weightedAdjointRate M w) f i = -lam * f i
'AFPBarrier.jumpGenerator_weightedAdjointRate_eigen' depends on axioms: [propext, Classical.choice, Quot.sound]
AFPBarrier.no_exact_forward_linear_and_square_at_peak.{u_1} {ι : Type u_1} [Fintype ι] [DecidableEq ι] (M : ι → ι → ℝ)
  (w f : ι → ℝ) (i : ι) (lam : ℝ) (hw : ∀ (i : ι), 0 < w i) (hM : ∀ (i j : ι), i ≠ j → 0 ≤ M i j)
  (hconservation : ∀ (k : ι), ∑ j, w j * M j k = 0) (hfi : f i = 1) (hlam : 0 < lam)
  (hlinearMoment : ∀ (k : ι), ∑ j, w j * f j * M j k = -lam * w k * f k)
  (hsquareMoment : ∀ (k : ι), ∑ j, w j * f j ^ 2 * M j k = -2 * lam * w k * f k ^ 2) : False
'AFPBarrier.no_exact_forward_linear_and_square_at_peak' depends on axioms: [propext, Classical.choice, Quot.sound]
AFPBarrier.heatKernelScatterMoment_le_one (tau lam : ℝ) (htau : 0 ≤ tau) (hlam : 0 ≤ lam) :
  AFPBarrier.heatKernelScatterMoment tau lam ≤ 1
'AFPBarrier.heatKernelScatterMoment_le_one' depends on axioms: [propext, Classical.choice, Quot.sound]
AFPBarrier.heatKernelScatterMoment_pos (tau lam : ℝ) : 0 < AFPBarrier.heatKernelScatterMoment tau lam
'AFPBarrier.heatKernelScatterMoment_pos' depends on axioms: [propext, Classical.choice, Quot.sound]
AFPBarrier.one_sub_tau_mul_le_heatKernelScatterMoment (tau lam : ℝ) :
  1 - tau * lam ≤ AFPBarrier.heatKernelScatterMoment tau lam
'AFPBarrier.one_sub_tau_mul_le_heatKernelScatterMoment' depends on axioms: [propext, Classical.choice, Quot.sound]
AFPBarrier.heatKernelBoltzmannDecay_nonneg (tau lam : ℝ) (htau : 0 < tau) (hlam : 0 ≤ lam) :
  0 ≤ AFPBarrier.heatKernelBoltzmannDecay tau lam
'AFPBarrier.heatKernelBoltzmannDecay_nonneg' depends on axioms: [propext, Classical.choice, Quot.sound]
AFPBarrier.heatKernelBoltzmannDecay_le_fp (tau lam : ℝ) (htau : 0 < tau) :
  AFPBarrier.heatKernelBoltzmannDecay tau lam ≤ lam
'AFPBarrier.heatKernelBoltzmannDecay_le_fp' depends on axioms: [propext, Classical.choice, Quot.sound]
AFPBarrier.fp_amplitude_le_heatKernelBoltzmann_amplitude (tau lam time : ℝ) (htau : 0 < tau) (htime : 0 ≤ time) :
  Real.exp (-time * lam) ≤ Real.exp (-time * AFPBarrier.heatKernelBoltzmannDecay tau lam)
'AFPBarrier.fp_amplitude_le_heatKernelBoltzmann_amplitude' depends on axioms: [propext, Classical.choice, Quot.sound]
AFPBarrier.rate_eq_of_symmetric_active_loss.{u_1} {ι : Type u_1} (active : ι → ι → Prop) (loss : ι → ι → ℝ)
  (rate : ι → ℝ) (lam : ℝ) (hLam : 0 < lam) (hRate : ∀ (i : ι), 0 < rate i)
  (hActiveSymm : ∀ {i j : ι}, active i j → active j i) (hLossSymm : ∀ (i j : ι), loss i j = loss j i)
  (hLocal : ∀ {i j : ι}, active i j → loss i j = lam / rate i) {i j : ι} (hij : active i j) : rate i = rate j
'AFPBarrier.rate_eq_of_symmetric_active_loss' depends on axioms: [propext, Classical.choice, Quot.sound]
AFPBarrier.rate_eq_of_active_reflTransGen.{u_1} {ι : Type u_1} (active : ι → ι → Prop) (loss : ι → ι → ℝ) (rate : ι → ℝ)
  (lam : ℝ) (hLam : 0 < lam) (hRate : ∀ (i : ι), 0 < rate i) (hActiveSymm : ∀ {i j : ι}, active i j → active j i)
  (hLossSymm : ∀ (i j : ι), loss i j = loss j i) (hLocal : ∀ {i j : ι}, active i j → loss i j = lam / rate i) {i j : ι}
  (hpath : Relation.ReflTransGen active i j) : rate i = rate j
'AFPBarrier.rate_eq_of_active_reflTransGen' depends on axioms: [propext, Classical.choice, Quot.sound]
AFPBarrier.connected_active_loss_rigidity.{u_1} {ι : Type u_1} (active : ι → ι → Prop) (loss : ι → ι → ℝ) (rate : ι → ℝ)
  (lam : ℝ) (root : ι) (hLam : 0 < lam) (hRate : ∀ (i : ι), 0 < rate i)
  (hActiveSymm : ∀ {i j : ι}, active i j → active j i) (hLossSymm : ∀ (i j : ι), loss i j = loss j i)
  (hLocal : ∀ {i j : ι}, active i j → loss i j = lam / rate i)
  (hConnected : ∀ (j : ι), Relation.ReflTransGen active root j) :
  (∀ (j : ι), rate j = rate root) ∧ ∀ {i j : ι}, active i j → loss i j = lam / rate root
'AFPBarrier.connected_active_loss_rigidity' depends on axioms: [propext, Classical.choice, Quot.sound]
AFPBarrier.sharedEdgeDualWork_swap.{u_1, u_2, u_3} {ι : Type u_1} {ε : Type u_2} {κ : Type u_3} [Fintype κ] [Fintype ε]
  (p q : ε → ι) (Ω y : ι → κ → ℝ) (e : ε) :
  AFPBarrier.sharedEdgeDualWork q p Ω y e = AFPBarrier.sharedEdgeDualWork p q Ω y e
'AFPBarrier.sharedEdgeDualWork_swap' depends on axioms: [propext, Classical.choice, Quot.sound]
AFPBarrier.sharedEdgeDualWork_constant.{u_1, u_2, u_3} {ι : Type u_1} {ε : Type u_2} {κ : Type u_3} [Fintype κ]
  [Fintype ε] (p q : ε → ι) (Ω : ι → κ → ℝ) (v : κ → ℝ) (e : ε) : AFPBarrier.sharedEdgeDualWork p q Ω (fun x => v) e = 0
'AFPBarrier.sharedEdgeDualWork_constant' depends on axioms: [propext, Classical.choice, Quot.sound]
AFPBarrier.sharedEdgeDualWork_radial.{u_1, u_2, u_3} {ι : Type u_1} {ε : Type u_2} {κ : Type u_3} [Fintype κ]
  [Fintype ε] (p q : ε → ι) (Ω : ι → κ → ℝ) (c : ℝ) (e : ε) :
  AFPBarrier.sharedEdgeDualWork p q Ω (fun i k => -c * Ω i k) e = c * ∑ k, (Ω (q e) k - Ω (p e) k) ^ 2
'AFPBarrier.sharedEdgeDualWork_radial' depends on axioms: [propext, Classical.choice, Quot.sound]
AFPBarrier.sharedEdgeDualWork_radial_nonneg.{u_1, u_2, u_3} {ι : Type u_1} {ε : Type u_2} {κ : Type u_3} [Fintype κ]
  [Fintype ε] (p q : ε → ι) (Ω : ι → κ → ℝ) (c : ℝ) (e : ε) (hc : 0 ≤ c) :
  0 ≤ AFPBarrier.sharedEdgeDualWork p q Ω (fun i k => -c * Ω i k) e
'AFPBarrier.sharedEdgeDualWork_radial_nonneg' depends on axioms: [propext, Classical.choice, Quot.sound]
AFPBarrier.positiveLPDualSlack_nonneg.{u_4, u_5} {ρ : Type u_4} [Fintype ρ] {σ : Type u_5} [Fintype σ] (A : ρ → σ → ℝ)
  (c : σ → ℝ) (y : ρ → ℝ) (hdual : ∀ (q : σ), AFPBarrier.finiteTransposeApply A y q ≤ c q) (q : σ) :
  0 ≤ AFPBarrier.positiveLPDualSlack A c y q
'AFPBarrier.positiveLPDualSlack_nonneg' depends on axioms: [propext, Classical.choice, Quot.sound]
AFPBarrier.positiveLP_objectiveGap_eq_slackPairing.{u_4, u_5} {ρ : Type u_4} [Fintype ρ] {σ : Type u_5} [Fintype σ]
  (A : ρ → σ → ℝ) (b y : ρ → ℝ) (c x : σ → ℝ) (hAx : ∀ (r : ρ), AFPBarrier.finiteMatrixApply A x r = b r) :
  AFPBarrier.finiteDot c x - AFPBarrier.finiteDot b y = AFPBarrier.finiteDot x (AFPBarrier.positiveLPDualSlack A c y)
'AFPBarrier.positiveLP_objectiveGap_eq_slackPairing' depends on axioms: [propext, Classical.choice, Quot.sound]
AFPBarrier.positiveLP_complementaritySum_eq_zero.{u_4, u_5} {ρ : Type u_4} [Fintype ρ] {σ : Type u_5} [Fintype σ]
  (A : ρ → σ → ℝ) (b y : ρ → ℝ) (c x : σ → ℝ) (hAx : ∀ (r : ρ), AFPBarrier.finiteMatrixApply A x r = b r)
  (hobjective : AFPBarrier.finiteDot c x = AFPBarrier.finiteDot b y) :
  AFPBarrier.finiteDot x (AFPBarrier.positiveLPDualSlack A c y) = 0
'AFPBarrier.positiveLP_complementaritySum_eq_zero' depends on axioms: [propext, Classical.choice, Quot.sound]
AFPBarrier.positiveLP_complementarySlackness.{u_4, u_5} {ρ : Type u_4} [Fintype ρ] {σ : Type u_5} [Fintype σ]
  (A : ρ → σ → ℝ) (b y : ρ → ℝ) (c x : σ → ℝ) (hx : ∀ (q : σ), 0 ≤ x q)
  (hAx : ∀ (r : ρ), AFPBarrier.finiteMatrixApply A x r = b r)
  (hdual : ∀ (q : σ), AFPBarrier.finiteTransposeApply A y q ≤ c q)
  (hobjective : AFPBarrier.finiteDot c x = AFPBarrier.finiteDot b y) (q : σ) :
  x q * AFPBarrier.positiveLPDualSlack A c y q = 0
'AFPBarrier.positiveLP_complementarySlackness' depends on axioms: [propext, Classical.choice, Quot.sound]
AFPBarrier.positiveLP_active_forces_dualSaturation.{u_4, u_5} {ρ : Type u_4} [Fintype ρ] {σ : Type u_5} [Fintype σ]
  (A : ρ → σ → ℝ) (b y : ρ → ℝ) (c x : σ → ℝ) (hx : ∀ (q : σ), 0 ≤ x q)
  (hAx : ∀ (r : ρ), AFPBarrier.finiteMatrixApply A x r = b r)
  (hdual : ∀ (q : σ), AFPBarrier.finiteTransposeApply A y q ≤ c q)
  (hobjective : AFPBarrier.finiteDot c x = AFPBarrier.finiteDot b y) (q : σ) (hxq : 0 < x q) :
  AFPBarrier.finiteTransposeApply A y q = c q
'AFPBarrier.positiveLP_active_forces_dualSaturation' depends on axioms: [propext, Classical.choice, Quot.sound]
AFPBarrier.positiveLP_strictDualSlack_forces_inactive.{u_4, u_5} {ρ : Type u_4} [Fintype ρ] {σ : Type u_5} [Fintype σ]
  (A : ρ → σ → ℝ) (b y : ρ → ℝ) (c x : σ → ℝ) (hx : ∀ (q : σ), 0 ≤ x q)
  (hAx : ∀ (r : ρ), AFPBarrier.finiteMatrixApply A x r = b r)
  (hdual : ∀ (q : σ), AFPBarrier.finiteTransposeApply A y q ≤ c q)
  (hobjective : AFPBarrier.finiteDot c x = AFPBarrier.finiteDot b y) (q : σ)
  (hstrict : AFPBarrier.finiteTransposeApply A y q < c q) : x q = 0
'AFPBarrier.positiveLP_strictDualSlack_forces_inactive' depends on axioms: [propext, Classical.choice, Quot.sound]
AFPBarrier.finiteAverage_const.{u_1} {G : Type u_1} [Fintype G] [Nonempty G] (x : ℝ) :
  (AFPBarrier.finiteAverage fun x_1 => x) = x
'AFPBarrier.finiteAverage_const' depends on axioms: [propext, Classical.choice, Quot.sound]
AFPBarrier.finiteAverage_mul.{u_1} {G : Type u_1} [Fintype G] (f : G → ℝ) (x : ℝ) :
  AFPBarrier.finiteAverage f * x = AFPBarrier.finiteAverage fun g => f g * x
'AFPBarrier.finiteAverage_mul' depends on axioms: [propext, Classical.choice, Quot.sound]
AFPBarrier.sum_finiteAverage.{u_1, u_2} {G : Type u_1} {ι : Type u_2} [Fintype G] [Fintype ι] (f : G → ι → ℝ) :
  (∑ i, AFPBarrier.finiteAverage fun g => f g i) = AFPBarrier.finiteAverage fun g => ∑ i, f g i
'AFPBarrier.sum_finiteAverage' depends on axioms: [propext, Classical.choice, Quot.sound]
AFPBarrier.finiteAverage_nonneg.{u_1} {G : Type u_1} [Fintype G] (f : G → ℝ) (hf : ∀ (g : G), 0 ≤ f g) :
  0 ≤ AFPBarrier.finiteAverage f
'AFPBarrier.finiteAverage_nonneg' depends on axioms: [propext, Classical.choice, Quot.sound]
AFPBarrier.coordinateBalance_averagedConductance.{u_1, u_2, u_3} {G : Type u_1} {ι : Type u_2} {κ : Type u_3}
  [Fintype G] [Fintype ι] [Fintype κ] (Ω : ι → κ → ℝ) (q : G → ι → ι → ℝ) (i : ι) (k : κ) :
  AFPBarrier.coordinateBalance Ω (AFPBarrier.averagedConductance q) i k =
    AFPBarrier.finiteAverage fun g => AFPBarrier.coordinateBalance Ω (q g) i k
'AFPBarrier.coordinateBalance_averagedConductance' depends on axioms: [propext, Classical.choice, Quot.sound]
AFPBarrier.averagedConductance_nonneg.{u_1, u_2} {G : Type u_1} {ι : Type u_2} [Fintype G] [Fintype ι]
  (q : G → ι → ι → ℝ) (hq : ∀ (g : G) (i j : ι), 0 ≤ q g i j) (i j : ι) : 0 ≤ AFPBarrier.averagedConductance q i j
'AFPBarrier.averagedConductance_nonneg' depends on axioms: [propext, Classical.choice, Quot.sound]
AFPBarrier.averagedConductance_symm.{u_1, u_2} {G : Type u_1} {ι : Type u_2} [Fintype G] [Fintype ι] (q : G → ι → ι → ℝ)
  (hq : ∀ (g : G) (i j : ι), q g i j = q g j i) (i j : ι) :
  AFPBarrier.averagedConductance q i j = AFPBarrier.averagedConductance q j i
'AFPBarrier.averagedConductance_symm' depends on axioms: [propext, Classical.choice, Quot.sound]
AFPBarrier.averagedConductance_balance.{u_1, u_2, u_3} {G : Type u_1} {ι : Type u_2} {κ : Type u_3} [Fintype G]
  [Fintype ι] [Fintype κ] [Nonempty G] (Ω : ι → κ → ℝ) (q : G → ι → ι → ℝ) (b : ι → κ → ℝ)
  (hq : ∀ (g : G) (i : ι) (k : κ), AFPBarrier.coordinateBalance Ω (q g) i k = b i k) (i : ι) (k : κ) :
  AFPBarrier.coordinateBalance Ω (AFPBarrier.averagedConductance q) i k = b i k
'AFPBarrier.averagedConductance_balance' depends on axioms: [propext, Classical.choice, Quot.sound]
AFPBarrier.groupOrbitAverage_invariant.{u_1, u_2} {G : Type u_1} {ι : Type u_2} [Fintype G] [Fintype ι] [Group G]
  [MulAction G ι] (q : ι → ι → ℝ) (h : G) (i j : ι) :
  AFPBarrier.groupOrbitAverage q (h • i) (h • j) = AFPBarrier.groupOrbitAverage q i j
'AFPBarrier.groupOrbitAverage_invariant' depends on axioms: [propext, Classical.choice, Quot.sound]
AFPBarrier.groupOrbitAverage_nonneg.{u_1, u_2} {G : Type u_1} {ι : Type u_2} [Fintype G] [Fintype ι] [Group G]
  [MulAction G ι] (q : ι → ι → ℝ) (hq : ∀ (i j : ι), 0 ≤ q i j) (i j : ι) : 0 ≤ AFPBarrier.groupOrbitAverage q i j
'AFPBarrier.groupOrbitAverage_nonneg' depends on axioms: [propext, Classical.choice, Quot.sound]
AFPBarrier.groupOrbitAverage_orientation_of_sameOrbit.{u_1, u_2} {G : Type u_1} {ι : Type u_2} [Fintype G] [Fintype ι]
  [Group G] [MulAction G ι] (q : ι → ι → ℝ) (p r i j : ι) (horbit : AFPBarrier.SameUnorderedEdgeOrbit p r i j)
  (hrep : AFPBarrier.groupOrbitAverage q p r = AFPBarrier.groupOrbitAverage q r p) :
  AFPBarrier.groupOrbitAverage q i j = AFPBarrier.groupOrbitAverage q j i
'AFPBarrier.groupOrbitAverage_orientation_of_sameOrbit' depends on axioms: [propext, Classical.choice, Quot.sound]
AFPBarrier.groupOrbitAverage_eq_zero_of_not_relation.{u_1, u_2} {G : Type u_1} {ι : Type u_2} [Fintype G] [Fintype ι]
  [Group G] [MulAction G ι] (E : ι → ι → Prop) (q : ι → ι → ℝ) (hEinv : AFPBarrier.RelationInvariant E)
  (hsupport : ∀ (i j : ι), ¬E i j → q i j = 0) (i j : ι) (hij : ¬E i j) : AFPBarrier.groupOrbitAverage q i j = 0
'AFPBarrier.groupOrbitAverage_eq_zero_of_not_relation' depends on axioms: [propext, Classical.choice, Quot.sound]
AFPBarrier.groupOrbitAverage_balance.{u_1, u_2, u_3} {G : Type u_1} {ι : Type u_2} {κ : Type u_3} [Fintype G]
  [Fintype ι] [Fintype κ] [Group G] [MulAction G ι] (Ω : ι → κ → ℝ) (q : ι → ι → ℝ) (b : ι → κ → ℝ)
  (hequiv : AFPBarrier.BalanceEquivariant Ω q b) (i : ι) (k : κ) :
  AFPBarrier.coordinateBalance Ω (AFPBarrier.groupOrbitAverage q) i k = b i k
'AFPBarrier.groupOrbitAverage_balance' depends on axioms: [propext, Classical.choice, Quot.sound]
AFPBarrier.groupOrbitAverage_reconciliation.{u_1, u_2, u_3} {G : Type u_1} {ι : Type u_2} {κ : Type u_3} [Fintype G]
  [Fintype ι] [Fintype κ] [Group G] [MulAction G ι] (Ω : ι → κ → ℝ) (w : ι → ℝ) (q : ι → ι → ℝ)
  (hq : ∀ (i j : ι), 0 ≤ q i j) (hequiv : AFPBarrier.BalanceEquivariant Ω q fun i k => -2 * w i * Ω i k)
  (horient : ∀ (i j : ι), AFPBarrier.groupOrbitAverage q i j = AFPBarrier.groupOrbitAverage q j i) :
  (∀ (i j : ι), 0 ≤ AFPBarrier.groupOrbitAverage q i j) ∧
    (∀ (i j : ι), AFPBarrier.groupOrbitAverage q i j = AFPBarrier.groupOrbitAverage q j i) ∧
      ∀ (i : ι) (k : κ), AFPBarrier.coordinateBalance Ω (AFPBarrier.groupOrbitAverage q) i k = -2 * w i * Ω i k
'AFPBarrier.groupOrbitAverage_reconciliation' depends on axioms: [propext, Classical.choice, Quot.sound]
AFPBarrier.groupOrbitAverage_reconciliation_of_edgeRepresentative.{u_1, u_2, u_3} {G : Type u_1} {ι : Type u_2}
  {κ : Type u_3} [Fintype G] [Fintype ι] [Fintype κ] [Group G] [MulAction G ι] (E : ι → ι → Prop) (p r : ι)
  (Ω : ι → κ → ℝ) (w : ι → ℝ) (q : ι → ι → ℝ) (hEsymm : ∀ (i j : ι), E i j ↔ E j i)
  (hEinv : AFPBarrier.RelationInvariant E) (hedgeOrbit : ∀ (i j : ι), E i j → AFPBarrier.SameUnorderedEdgeOrbit p r i j)
  (hsupport : ∀ (i j : ι), ¬E i j → q i j = 0) (hq : ∀ (i j : ι), 0 ≤ q i j)
  (hequiv : AFPBarrier.BalanceEquivariant Ω q fun i k => -2 * w i * Ω i k)
  (hrep : AFPBarrier.groupOrbitAverage q p r = AFPBarrier.groupOrbitAverage q r p) :
  (∀ (i j : ι), 0 ≤ AFPBarrier.groupOrbitAverage q i j) ∧
    (∀ (i j : ι), AFPBarrier.groupOrbitAverage q i j = AFPBarrier.groupOrbitAverage q j i) ∧
      (∀ (i j : ι), ¬E i j → AFPBarrier.groupOrbitAverage q i j = 0) ∧
        ∀ (i : ι) (k : κ), AFPBarrier.coordinateBalance Ω (AFPBarrier.groupOrbitAverage q) i k = -2 * w i * Ω i k
'AFPBarrier.groupOrbitAverage_reconciliation_of_edgeRepresentative' depends on axioms: [propext,
 Classical.choice,
 Quot.sound]
AFPBarrier.finiteDuhamel_norm_le.{u_1, u_2} {K : Type u_1} {V : Type u_2} [Fintype K] [SeminormedAddCommGroup V]
  (term : K → V) (kernel : K → ℝ) (residual : ℝ) (hterm : ∀ (k : K), ‖term k‖ ≤ kernel k * residual) :
  ‖∑ k, term k‖ ≤ (∑ k, kernel k) * residual
'AFPBarrier.finiteDuhamel_norm_le' depends on axioms: [propext, Classical.choice, Quot.sound]
AFPBarrier.transientKernel_nonneg (lambda t : ℝ) (hlambda : 0 < lambda) (ht : 0 ≤ t) :
  0 ≤ (1 - Real.exp (-lambda * t)) / lambda
'AFPBarrier.transientKernel_nonneg' depends on axioms: [propext, Classical.choice, Quot.sound]
AFPBarrier.resolvent_residual_identity.{u_2} {V : Type u_2} [SeminormedAddCommGroup V] [NormedSpace ℝ V]
  (L solve : V →ₗ[ℝ] V) (alpha lambda : ℝ) (u : V) (hden : alpha + lambda ≠ 0) (hleft : solve (alpha • u - L u) = u) :
  solve u - (alpha + lambda)⁻¹ • u = (alpha + lambda)⁻¹ • solve (L u + lambda • u)
'AFPBarrier.resolvent_residual_identity' depends on axioms: [propext, Classical.choice, Quot.sound]
AFPBarrier.resolvent_residual_norm_le.{u_2} {V : Type u_2} [SeminormedAddCommGroup V] [NormedSpace ℝ V]
  (L solve : V →ₗ[ℝ] V) (alpha lambda : ℝ) (u : V) (halpha : 0 < alpha) (hlambda : 0 ≤ lambda)
  (hleft : solve (alpha • u - L u) = u) (hcontract : ∀ (v : V), ‖solve v‖ ≤ alpha⁻¹ * ‖v‖) :
  ‖solve u - (alpha + lambda)⁻¹ • u‖ ≤ (alpha * (alpha + lambda))⁻¹ * ‖L u + lambda • u‖
'AFPBarrier.resolvent_residual_norm_le' depends on axioms: [propext, Classical.choice, Quot.sound]
AFPBarrier.sixError_telescope.{u_2} {V : Type u_2} [SeminormedAddCommGroup V]
  (physical angular sampling spatial energy iteration reference : V) :
  iteration - reference =
    physical - reference + (angular - physical) + (sampling - angular) + (spatial - sampling) + (energy - spatial) +
      (iteration - energy)
'AFPBarrier.sixError_telescope' depends on axioms: [propext, Classical.choice, Quot.sound]
AFPBarrier.sixError_norm_le.{u_2} {V : Type u_2} [SeminormedAddCommGroup V]
  (physical angular sampling spatial energy iteration reference : V) :
  ‖iteration - reference‖ ≤
    ‖physical - reference‖ + ‖angular - physical‖ + ‖sampling - angular‖ + ‖spatial - sampling‖ + ‖energy - spatial‖ +
      ‖iteration - energy‖
'AFPBarrier.sixError_norm_le' depends on axioms: [propext, Classical.choice, Quot.sound]
AFPBarrier.finitePair_transpose_apply.{u_3} {I : Type u_3} [Fintype I] (A : I → I → ℝ) (z x : I → ℝ) :
  AFPBarrier.finitePair (AFPBarrier.p2bFiniteTransposeApply A z) x =
    AFPBarrier.finitePair z (AFPBarrier.finiteOperatorApply A x)
'AFPBarrier.finitePair_transpose_apply' depends on axioms: [propext, Classical.choice, Quot.sound]
AFPBarrier.adjointWeightedResidual_exact.{u_3} {I : Type u_3} [Fintype I] (A : I → I → ℝ)
  (z error residual response : I → ℝ) (hresidual : residual = AFPBarrier.finiteOperatorApply A error)
  (hadjoint : response = AFPBarrier.p2bFiniteTransposeApply A z) :
  AFPBarrier.finitePair response error = AFPBarrier.finitePair z residual
'AFPBarrier.adjointWeightedResidual_exact' depends on axioms: [propext, Classical.choice, Quot.sound]
AFPBarrier.adjointWeightedResidual_approx.{u_3} {I : Type u_3} [Fintype I] (A : I → I → ℝ)
  (z error residual response : I → ℝ) (hresidual : residual = AFPBarrier.finiteOperatorApply A error) :
  AFPBarrier.finitePair response error =
    AFPBarrier.finitePair z residual +
      AFPBarrier.finitePair (fun i => response i - AFPBarrier.p2bFiniteTransposeApply A z i) error
'AFPBarrier.adjointWeightedResidual_approx' depends on axioms: [propext, Classical.choice, Quot.sound]
AFPBarrier.energyResidual_young (kappa error residual : ℝ) (hkappa : 0 < kappa) :
  2 * residual * error ≤ kappa * error ^ 2 + residual ^ 2 / kappa
'AFPBarrier.energyResidual_young' depends on axioms: [propext, Classical.choice, Quot.sound]
AFPBarrier.coerciveResidual_bound (kappa error residual : ℝ) (hkappa : 0 < kappa)
  (hcoercive : kappa * error ≤ residual) : error ≤ residual / kappa
'AFPBarrier.coerciveResidual_bound' depends on axioms: [propext, Classical.choice, Quot.sound]
AFPBarrier.preconditionedIteration_geometric (error : ℕ → ℝ) (eta : ℝ) (heta : 0 ≤ eta)
  (hstep : ∀ (n : ℕ), error (n + 1) ≤ eta * error n) (n : ℕ) : error n ≤ eta ^ n * error 0
'AFPBarrier.preconditionedIteration_geometric' depends on axioms: [propext, Classical.choice, Quot.sound]
AFPBarrier.preconditionedGeometricSeries_le (eta : ℝ) (n : ℕ) (heta0 : 0 ≤ eta) (heta1 : eta < 1) :
  ∑ k ∈ Finset.range n, eta ^ k ≤ (1 - eta)⁻¹
'AFPBarrier.preconditionedGeometricSeries_le' depends on axioms: [propext, Classical.choice, Quot.sound]
AFPBarrier.matrixAction_conductanceMatrix_eq_jumpGenerator.{u_1} {ι : Type u_1} [Fintype ι] [DecidableEq ι]
  (γ : ι → ι → ℝ) (w f : ι → ℝ) (i : ι) :
  AFPBarrier.matrixAction (AFPBarrier.conductanceMatrix γ w) f i =
    AFPBarrier.jumpGenerator (AFPBarrier.conductanceRate γ w) f i
'AFPBarrier.matrixAction_conductanceMatrix_eq_jumpGenerator' depends on axioms: [propext, Classical.choice, Quot.sound]
AFPBarrier.matrixAction_diagonalShift.{u_1} {ι : Type u_1} [Fintype ι] [DecidableEq ι] (M : ι → ι → ℝ) (f : ι → ℝ)
  (s : ℝ) (i : ι) : AFPBarrier.matrixAction (AFPBarrier.diagonalShift M s) f i = AFPBarrier.matrixAction M f i + s * f i
'AFPBarrier.matrixAction_diagonalShift' depends on axioms: [propext, Classical.choice, Quot.sound]
AFPBarrier.shifted_source_minus_total_shift.{u_1} {ι : Type u_1} [Fintype ι] [DecidableEq ι] (M : ι → ι → ℝ) (f : ι → ℝ)
  (s : ℝ) (i : ι) : AFPBarrier.matrixAction (AFPBarrier.diagonalShift M s) f i - s * f i = AFPBarrier.matrixAction M f i
'AFPBarrier.shifted_source_minus_total_shift' depends on axioms: [propext, Classical.choice, Quot.sound]
AFPBarrier.shifted_conductance_action_recovers_jumpGenerator.{u_1} {ι : Type u_1} [Fintype ι] [DecidableEq ι]
  (γ : ι → ι → ℝ) (w f : ι → ℝ) (s : ℝ) (i : ι) :
  AFPBarrier.matrixAction (AFPBarrier.diagonalShift (AFPBarrier.conductanceMatrix γ w) s) f i - s * f i =
    AFPBarrier.jumpGenerator (AFPBarrier.conductanceRate γ w) f i
'AFPBarrier.shifted_conductance_action_recovers_jumpGenerator' depends on axioms: [propext,
 Classical.choice,
 Quot.sound]
AFPBarrier.jumpGenerator_const.{u_1} {ι : Type u_1} [Fintype ι] [DecidableEq ι] (a : ι → ι → ℝ) (c : ℝ) (i : ι) :
  AFPBarrier.jumpGenerator a (fun x => c) i = 0
'AFPBarrier.jumpGenerator_const' depends on axioms: [propext, Classical.choice, Quot.sound]
AFPBarrier.jumpGenerator_add_const.{u_1} {ι : Type u_1} [Fintype ι] [DecidableEq ι] (a : ι → ι → ℝ) (f : ι → ℝ) (c : ℝ)
  (i : ι) : AFPBarrier.jumpGenerator a (fun j => f j + c) i = AFPBarrier.jumpGenerator a f i
'AFPBarrier.jumpGenerator_add_const' depends on axioms: [propext, Classical.choice, Quot.sound]
AFPBarrier.jumpGenerator_sub_const.{u_1} {ι : Type u_1} [Fintype ι] [DecidableEq ι] (a : ι → ι → ℝ) (f : ι → ℝ) (c : ℝ)
  (i : ι) : AFPBarrier.jumpGenerator a (fun j => f j - c) i = AFPBarrier.jumpGenerator a f i
'AFPBarrier.jumpGenerator_sub_const' depends on axioms: [propext, Classical.choice, Quot.sound]
AFPBarrier.jumpGenerator_square_identity.{u_1} {ι : Type u_1} [Fintype ι] [DecidableEq ι] (a : ι → ι → ℝ) (f : ι → ℝ)
  (i : ι) :
  AFPBarrier.jumpGenerator a (fun j => f j ^ 2) i - 2 * f i * AFPBarrier.jumpGenerator a f i =
    AFPBarrier.carreDuChamp a f i
'AFPBarrier.jumpGenerator_square_identity' depends on axioms: [propext, Classical.choice, Quot.sound]
AFPBarrier.jumpRate_nonneg.{u_1} {ι : Type u_1} [Fintype ι] [DecidableEq ι] (a : ι → ι → ℝ) (i : ι)
  (ha : ∀ (j : ι), j ≠ i → 0 ≤ a i j) : 0 ≤ AFPBarrier.jumpRate a i
'AFPBarrier.jumpRate_nonneg' depends on axioms: [propext, Classical.choice, Quot.sound]
AFPBarrier.carreDuChamp_nonneg.{u_1} {ι : Type u_1} [Fintype ι] [DecidableEq ι] (a : ι → ι → ℝ) (f : ι → ℝ) (i : ι)
  (ha : ∀ (j : ι), j ≠ i → 0 ≤ a i j) : 0 ≤ AFPBarrier.carreDuChamp a f i
'AFPBarrier.carreDuChamp_nonneg' depends on axioms: [propext, Classical.choice, Quot.sound]
AFPBarrier.jumpGenerator_sq_le_rate_mul_carre.{u_1} {ι : Type u_1} [Fintype ι] [DecidableEq ι] (a : ι → ι → ℝ)
  (f : ι → ℝ) (i : ι) (ha : ∀ (j : ι), j ≠ i → 0 ≤ a i j) :
  AFPBarrier.jumpGenerator a f i ^ 2 ≤ AFPBarrier.jumpRate a i * AFPBarrier.carreDuChamp a f i
'AFPBarrier.jumpGenerator_sq_le_rate_mul_carre' depends on axioms: [propext, Classical.choice, Quot.sound]
AFPBarrier.zero_carreDuChamp_forces_generator_zero.{u_1} {ι : Type u_1} [Fintype ι] [DecidableEq ι] (a : ι → ι → ℝ)
  (f : ι → ℝ) (i : ι) (ha : ∀ (j : ι), j ≠ i → 0 ≤ a i j) (hzero : AFPBarrier.carreDuChamp a f i = 0) :
  AFPBarrier.jumpGenerator a f i = 0
'AFPBarrier.zero_carreDuChamp_forces_generator_zero' depends on axioms: [propext, Classical.choice, Quot.sound]
AFPBarrier.scaledSphericalRowRate_nonneg.{u_1} {ι : Type u_1} [Fintype ι] (b sinTheta : ι → ℝ) (normalScale : ℝ)
  (hb : ∀ (j : ι), 0 ≤ b j) (hsin : ∀ (j : ι), 0 < sinTheta j) (hscale : 0 < normalScale) (j : ι) :
  0 ≤ AFPBarrier.scaledSphericalRowRate b sinTheta normalScale j
'AFPBarrier.scaledSphericalRowRate_nonneg' depends on axioms: [propext, Classical.choice, Quot.sound]
AFPBarrier.scaledSphericalRowRate_pos.{u_1} {ι : Type u_1} [Fintype ι] (b sinTheta : ι → ℝ) (normalScale : ℝ)
  (hb : ∀ (j : ι), 0 < b j) (hsin : ∀ (j : ι), 0 < sinTheta j) (hscale : 0 < normalScale) (j : ι) :
  0 < AFPBarrier.scaledSphericalRowRate b sinTheta normalScale j
'AFPBarrier.scaledSphericalRowRate_pos' depends on axioms: [propext, Classical.choice, Quot.sound]
AFPBarrier.scaledSphericalRowRate_tangent_balance.{u_1, u_2} {ι : Type u_1} {κ : Type u_2} [Fintype ι] [Fintype κ]
  (b sinTheta : ι → ℝ) (u : ι → κ → ℝ) (normalScale : ℝ) (hsin : ∀ (j : ι), 0 < sinTheta j) (hscale : 0 < normalScale)
  (htangent : ∀ (k : κ), ∑ j, b j * u j k = 0) (k : κ) :
  ∑ j, AFPBarrier.scaledSphericalRowRate b sinTheta normalScale j * sinTheta j * u j k = 0
'AFPBarrier.scaledSphericalRowRate_tangent_balance' depends on axioms: [propext, Classical.choice, Quot.sound]
AFPBarrier.scaledSphericalRowRate_normal_balance.{u_1} {ι : Type u_1} [Fintype ι] (b sinTheta loss : ι → ℝ)
  (normalScale : ℝ) (hsin : ∀ (j : ι), 0 < sinTheta j) (hscale : 0 < normalScale)
  (hnormal : normalScale = ∑ j, b j * loss j / sinTheta j) :
  ∑ j, AFPBarrier.scaledSphericalRowRate b sinTheta normalScale j * loss j = 2
'AFPBarrier.scaledSphericalRowRate_normal_balance' depends on axioms: [propext, Classical.choice, Quot.sound]
AFPBarrier.tangentDependenceWeight_nonneg.{u_1} {ι : Type u_1} [Fintype ι] (a sinTheta : ι → ℝ)
  (ha : ∀ (j : ι), 0 ≤ a j) (hsin : ∀ (j : ι), 0 ≤ sinTheta j) (j : ι) :
  0 ≤ AFPBarrier.tangentDependenceWeight a sinTheta j
'AFPBarrier.tangentDependenceWeight_nonneg' depends on axioms: [propext, Classical.choice, Quot.sound]
AFPBarrier.tangentDependenceWeight_balance.{u_1, u_2} {ι : Type u_1} {κ : Type u_2} [Fintype ι] [Fintype κ]
  (a sinTheta : ι → ℝ) (u : ι → κ → ℝ) (hrow : ∀ (k : κ), ∑ j, a j * sinTheta j * u j k = 0) (k : κ) :
  ∑ j, AFPBarrier.tangentDependenceWeight a sinTheta j * u j k = 0
'AFPBarrier.tangentDependenceWeight_balance' depends on axioms: [propext, Classical.choice, Quot.sound]
AFPBarrier.tangentDependenceWeight_normal_scale.{u_1} {ι : Type u_1} [Fintype ι] (a sinTheta loss : ι → ℝ)
  (hsin : ∀ (j : ι), sinTheta j ≠ 0) (hnormal : ∑ j, a j * loss j = 2) :
  ∑ j, AFPBarrier.tangentDependenceWeight a sinTheta j * loss j / sinTheta j = 2
'AFPBarrier.tangentDependenceWeight_normal_scale' depends on axioms: [propext, Classical.choice, Quot.sound]
AFPBarrier.lossVarianceAt_nonneg.{u_1} {ι : Type u_1} [Fintype ι] [DecidableEq ι] (a : ι → ι → ℝ) (f : ι → ℝ) (i : ι)
  (m : ℝ) (ha : ∀ (j : ι), j ≠ i → 0 ≤ a i j) : 0 ≤ AFPBarrier.lossVarianceAt a f i m
'AFPBarrier.lossVarianceAt_nonneg' depends on axioms: [propext, Classical.choice, Quot.sound]
AFPBarrier.carreDuChamp_centered_loss_identity.{u_1} {ι : Type u_1} [Fintype ι] [DecidableEq ι] (a : ι → ι → ℝ)
  (f : ι → ℝ) (i : ι) (m : ℝ) :
  AFPBarrier.carreDuChamp a f i - 2 * m * ∑ j ∈ AFPBarrier.offdiag i, a i j * (f i - f j) +
      m ^ 2 * AFPBarrier.jumpRate a i =
    AFPBarrier.lossVarianceAt a f i m
'AFPBarrier.carreDuChamp_centered_loss_identity' depends on axioms: [propext, Classical.choice, Quot.sound]
AFPBarrier.peakDefect_centered_loss_identity.{u_1} {ι : Type u_1} [Fintype ι] [DecidableEq ι] (a : ι → ι → ℝ)
  (f : ι → ℝ) (i : ι) (lam m : ℝ) (hfi : f i = 1) (hlinear : AFPBarrier.jumpGenerator a f i = -lam) :
  AFPBarrier.peakDefect a f i lam - 2 * m * lam + m ^ 2 * AFPBarrier.jumpRate a i = AFPBarrier.lossVarianceAt a f i m
'AFPBarrier.peakDefect_centered_loss_identity' depends on axioms: [propext, Classical.choice, Quot.sound]
AFPBarrier.rate_mul_peakDefect_sub_eigenvalue_sq_eq_rate_mul_lossVariance.{u_1} {ι : Type u_1} [Fintype ι]
  [DecidableEq ι] (a : ι → ι → ℝ) (f : ι → ℝ) (i : ι) (lam m : ℝ) (hfi : f i = 1)
  (hlinear : AFPBarrier.jumpGenerator a f i = -lam) (hm : m * AFPBarrier.jumpRate a i = lam) :
  AFPBarrier.jumpRate a i * AFPBarrier.peakDefect a f i lam - lam ^ 2 =
    AFPBarrier.jumpRate a i * AFPBarrier.lossVarianceAt a f i m
'AFPBarrier.rate_mul_peakDefect_sub_eigenvalue_sq_eq_rate_mul_lossVariance' depends on axioms: [propext,
 Classical.choice,
 Quot.sound]
AFPBarrier.squareRing_rate_mul_defect_sub_four (h st : ℝ) (hsh : Real.sin h ≠ 0) (hst : st ≠ 0) :
  AFPBarrier.squareRingRate h st * AFPBarrier.squareRingDefect h st - 4 = (st ^ 2 - 1) ^ 2 / st ^ 2
'AFPBarrier.squareRing_rate_mul_defect_sub_four' depends on axioms: [propext, Classical.choice, Quot.sound]
AFPBarrier.four_le_squareRing_rate_mul_defect (h st : ℝ) (hsh : Real.sin h ≠ 0) (hst : st ≠ 0) :
  4 ≤ AFPBarrier.squareRingRate h st * AFPBarrier.squareRingDefect h st
'AFPBarrier.four_le_squareRing_rate_mul_defect' depends on axioms: [propext, Classical.choice, Quot.sound]
AFPBarrier.lossVarianceAt_eq_zero_iff_active_losses_eq.{u_1} {ι : Type u_1} [Fintype ι] [DecidableEq ι] (a : ι → ι → ℝ)
  (f : ι → ℝ) (i : ι) (m : ℝ) (ha : ∀ (j : ι), j ≠ i → 0 ≤ a i j) :
  AFPBarrier.lossVarianceAt a f i m = 0 ↔ ∀ (j : ι), j ≠ i → 0 < a i j → f i - f j = m
'AFPBarrier.lossVarianceAt_eq_zero_iff_active_losses_eq' depends on axioms: [propext, Classical.choice, Quot.sound]
AFPBarrier.rate_mul_peakDefect_eq_eigenvalue_sq_iff_active_losses_eq.{u_1} {ι : Type u_1} [Fintype ι] [DecidableEq ι]
  (a : ι → ι → ℝ) (f : ι → ℝ) (i : ι) (lam m : ℝ) (ha : ∀ (j : ι), j ≠ i → 0 ≤ a i j) (hfi : f i = 1)
  (hlinear : AFPBarrier.jumpGenerator a f i = -lam) (hrate : 0 < AFPBarrier.jumpRate a i)
  (hm : m * AFPBarrier.jumpRate a i = lam) :
  AFPBarrier.jumpRate a i * AFPBarrier.peakDefect a f i lam = lam ^ 2 ↔ ∀ (j : ι), j ≠ i → 0 < a i j → f i - f j = m
'AFPBarrier.rate_mul_peakDefect_eq_eigenvalue_sq_iff_active_losses_eq' depends on axioms: [propext,
 Classical.choice,
 Quot.sound]
AFPBarrier.rate_mul_peakDefect_eq_eigenvalue_sq_iff_active_losses_eq_mean.{u_1} {ι : Type u_1} [Fintype ι]
  [DecidableEq ι] (a : ι → ι → ℝ) (f : ι → ℝ) (i : ι) (lam : ℝ) (ha : ∀ (j : ι), j ≠ i → 0 ≤ a i j) (hfi : f i = 1)
  (hlinear : AFPBarrier.jumpGenerator a f i = -lam) (hrate : 0 < AFPBarrier.jumpRate a i) :
  AFPBarrier.jumpRate a i * AFPBarrier.peakDefect a f i lam = lam ^ 2 ↔
    ∀ (j : ι), j ≠ i → 0 < a i j → f i - f j = lam / AFPBarrier.jumpRate a i
'AFPBarrier.rate_mul_peakDefect_eq_eigenvalue_sq_iff_active_losses_eq_mean' depends on axioms: [propext,
 Classical.choice,
 Quot.sound]
AFPBarrier.active_weight_mul_loss_deviation_sq_le_variance.{u_1} {ι : Type u_1} [Fintype ι] [DecidableEq ι]
  (a : ι → ι → ℝ) (f : ι → ℝ) (i j : ι) (m : ℝ) (ha : ∀ (k : ι), k ≠ i → 0 ≤ a i k) (hji : j ≠ i) :
  a i j * (f i - f j - m) ^ 2 ≤ AFPBarrier.lossVarianceAt a f i m
'AFPBarrier.active_weight_mul_loss_deviation_sq_le_variance' depends on axioms: [propext, Classical.choice, Quot.sound]
AFPBarrier.lossVarianceAt_le_gap_div_rate.{u_1} {ι : Type u_1} [Fintype ι] [DecidableEq ι] (a : ι → ι → ℝ) (f : ι → ℝ)
  (i : ι) (lam m eta : ℝ) (hfi : f i = 1) (hlinear : AFPBarrier.jumpGenerator a f i = -lam)
  (hrate : 0 < AFPBarrier.jumpRate a i) (hm : m * AFPBarrier.jumpRate a i = lam)
  (hgap : AFPBarrier.jumpRate a i * AFPBarrier.peakDefect a f i lam - lam ^ 2 ≤ eta) :
  AFPBarrier.lossVarianceAt a f i m ≤ eta / AFPBarrier.jumpRate a i
'AFPBarrier.lossVarianceAt_le_gap_div_rate' depends on axioms: [propext, Classical.choice, Quot.sound]
AFPBarrier.minActiveRate_mul_loss_deviation_sq_le_gap_div_rate.{u_1} {ι : Type u_1} [Fintype ι] [DecidableEq ι]
  (a : ι → ι → ℝ) (f : ι → ℝ) (i j : ι) (lam m eta amin : ℝ) (ha : ∀ (k : ι), k ≠ i → 0 ≤ a i k) (hji : j ≠ i)
  (hamin : amin ≤ a i j) (hfi : f i = 1) (hlinear : AFPBarrier.jumpGenerator a f i = -lam)
  (hrate : 0 < AFPBarrier.jumpRate a i) (hm : m * AFPBarrier.jumpRate a i = lam)
  (hgap : AFPBarrier.jumpRate a i * AFPBarrier.peakDefect a f i lam - lam ^ 2 ≤ eta) :
  amin * (f i - f j - m) ^ 2 ≤ eta / AFPBarrier.jumpRate a i
'AFPBarrier.minActiveRate_mul_loss_deviation_sq_le_gap_div_rate' depends on axioms: [propext,
 Classical.choice,
 Quot.sound]
AFPBarrier.peakDefect_dual_tangent_lower_bound.{u_1} {ι : Type u_1} [Fintype ι] [DecidableEq ι] (a : ι → ι → ℝ)
  (f : ι → ℝ) (i : ι) (lam m : ℝ) (ha : ∀ (j : ι), j ≠ i → 0 ≤ a i j) (hfi : f i = 1)
  (hlinear : AFPBarrier.jumpGenerator a f i = -lam) :
  2 * m * lam - m ^ 2 * AFPBarrier.jumpRate a i ≤ AFPBarrier.peakDefect a f i lam
'AFPBarrier.peakDefect_dual_tangent_lower_bound' depends on axioms: [propext, Classical.choice, Quot.sound]
AFPBarrier.peakDefect_ge_eigenvalue_sq_div_rate_via_dual.{u_1} {ι : Type u_1} [Fintype ι] [DecidableEq ι]
  (a : ι → ι → ℝ) (f : ι → ℝ) (i : ι) (lam : ℝ) (ha : ∀ (j : ι), j ≠ i → 0 ≤ a i j) (hfi : f i = 1)
  (hlinear : AFPBarrier.jumpGenerator a f i = -lam) (hrate : 0 < AFPBarrier.jumpRate a i) :
  lam ^ 2 / AFPBarrier.jumpRate a i ≤ AFPBarrier.peakDefect a f i lam
'AFPBarrier.peakDefect_ge_eigenvalue_sq_div_rate_via_dual' depends on axioms: [propext, Classical.choice, Quot.sound]
AFPBarrier.S2_rate_lower_of_peakDefect_upper.{u_1} {ι : Type u_1} [Fintype ι] [DecidableEq ι] (a : ι → ι → ℝ)
  (f : ι → ℝ) (i : ι) (C h : ℝ) (ha : ∀ (j : ι), j ≠ i → 0 ≤ a i j) (hfi : f i = 1)
  (hlinear : AFPBarrier.jumpGenerator a f i = -2) (hC : 0 < C) (hh : 0 < h)
  (hdef : AFPBarrier.peakDefect a f i 2 ≤ C * h ^ 2) : 4 / (C * h ^ 2) ≤ AFPBarrier.jumpRate a i
'AFPBarrier.S2_rate_lower_of_peakDefect_upper' depends on axioms: [propext, Classical.choice, Quot.sound]
AFPBarrier.sum_multigroupTransfer_eq_zero.{u_1} {ι : Type u_1} [Fintype ι] [DecidableEq ι] (T : ι → ι → ℝ) (f : ι → ℝ) :
  ∑ g, AFPBarrier.multigroupTransfer T f g = 0
'AFPBarrier.sum_multigroupTransfer_eq_zero' depends on axioms: [propext, Classical.choice, Quot.sound]
AFPBarrier.multigroupEulerStep_eq_positive_form.{u_1} {ι : Type u_1} [Fintype ι] [DecidableEq ι] (T : ι → ι → ℝ)
  (dt : ℝ) (f : ι → ℝ) (g : ι) :
  AFPBarrier.multigroupEulerStep T dt f g = (1 - dt * AFPBarrier.groupTransferOutRate T g) * f g + dt * ∑ h, T h g * f h
'AFPBarrier.multigroupEulerStep_eq_positive_form' depends on axioms: [propext, Classical.choice, Quot.sound]
AFPBarrier.multigroupEulerStep_nonneg.{u_1} {ι : Type u_1} [Fintype ι] [DecidableEq ι] (T : ι → ι → ℝ) (dt : ℝ)
  (f : ι → ℝ) (g : ι) (hT : ∀ (p q : ι), 0 ≤ T p q) (hdt : 0 ≤ dt) (hf : ∀ (p : ι), 0 ≤ f p)
  (hcfl : dt * AFPBarrier.groupTransferOutRate T g ≤ 1) : 0 ≤ AFPBarrier.multigroupEulerStep T dt f g
'AFPBarrier.multigroupEulerStep_nonneg' depends on axioms: [propext, Classical.choice, Quot.sound]
AFPBarrier.sum_multigroupEulerStep_eq_sum.{u_1} {ι : Type u_1} [Fintype ι] [DecidableEq ι] (T : ι → ι → ℝ) (dt : ℝ)
  (f : ι → ℝ) : ∑ g, AFPBarrier.multigroupEulerStep T dt f g = Finset.univ.sum f
'AFPBarrier.sum_multigroupEulerStep_eq_sum' depends on axioms: [propext, Classical.choice, Quot.sound]
AFPBarrier.multigroupEulerStep_unitAt.{u_1} {ι : Type u_1} [Fintype ι] [DecidableEq ι] (T : ι → ι → ℝ) (dt : ℝ) (g : ι)
  (hdiag : T g g = 0) :
  AFPBarrier.multigroupEulerStep T dt (AFPBarrier.unitAt g) g = 1 - dt * AFPBarrier.groupTransferOutRate T g
'AFPBarrier.multigroupEulerStep_unitAt' depends on axioms: [propext, Classical.choice, Quot.sound]
AFPBarrier.multigroupEulerStep_unitAt_neg_of_cfl_violation.{u_1} {ι : Type u_1} [Fintype ι] [DecidableEq ι]
  (T : ι → ι → ℝ) (dt : ℝ) (g : ι) (hdiag : T g g = 0) (hcfl : 1 < dt * AFPBarrier.groupTransferOutRate T g) :
  AFPBarrier.multigroupEulerStep T dt (AFPBarrier.unitAt g) g < 0
'AFPBarrier.multigroupEulerStep_unitAt_neg_of_cfl_violation' depends on axioms: [propext, Classical.choice, Quot.sound]
AFPBarrier.weighted_sum_multigroupTransfer_eq_neg_deposition.{u_1} {ι : Type u_1} [Fintype ι] [DecidableEq ι]
  (T : ι → ι → ℝ) (energy f : ι → ℝ) :
  ∑ g, energy g * AFPBarrier.multigroupTransfer T f g = -AFPBarrier.groupTransferEnergyDeposition T energy f
'AFPBarrier.weighted_sum_multigroupTransfer_eq_neg_deposition' depends on axioms: [propext,
 Classical.choice,
 Quot.sound]
AFPBarrier.no_exact_linear_and_square_at_peak.{u_1} {ι : Type u_1} [Fintype ι] [DecidableEq ι] (a : ι → ι → ℝ)
  (f : ι → ℝ) (i : ι) (lam : ℝ) (ha : ∀ (j : ι), j ≠ i → 0 ≤ a i j) (hlam : 0 < lam) (hfi : f i = 1)
  (hlinear : AFPBarrier.jumpGenerator a f i = -lam)
  (hsquare : AFPBarrier.jumpGenerator a (fun j => f j ^ 2) i = -2 * lam) : False
'AFPBarrier.no_exact_linear_and_square_at_peak' depends on axioms: [propext, Classical.choice, Quot.sound]
AFPBarrier.no_exact_shifted_quadratic_at_peak.{u_1} {ι : Type u_1} [Fintype ι] [DecidableEq ι] (a : ι → ι → ℝ)
  (g : ι → ℝ) (i : ι) (lam mu c : ℝ) (ha : ∀ (j : ι), j ≠ i → 0 ≤ a i j) (hlam : 0 < lam)
  (hresonance : mu * (1 - c) = 2 * lam) (hgi : g i = 1) (hdegreeOne : AFPBarrier.jumpGenerator a g i = -lam)
  (hdegreeTwo : AFPBarrier.jumpGenerator a (fun j => g j ^ 2 - c) i = -mu * (g i ^ 2 - c)) : False
'AFPBarrier.no_exact_shifted_quadratic_at_peak' depends on axioms: [propext, Classical.choice, Quot.sound]
AFPBarrier.conductance_eigen_iff_equilibrium.{u_1} {ι : Type u_1} [Fintype ι] [DecidableEq ι] (γ : ι → ι → ℝ)
  (w f : ι → ℝ) (i : ι) (lam : ℝ) (hw : ∀ (p : ι), w p ≠ 0) :
  AFPBarrier.jumpGenerator (AFPBarrier.conductanceRate γ w) f i = -lam * f i ↔
    ∑ j, γ i j * (f j - f i) = -lam * w i * f i
'AFPBarrier.conductance_eigen_iff_equilibrium' depends on axioms: [propext, Classical.choice, Quot.sound]
AFPBarrier.S2_coordinate_eigen_implies_minus_two_balance.{u_1} {ι : Type u_1} [Fintype ι] [DecidableEq ι]
  (γ : ι → ι → ℝ) (w f : ι → ℝ) (i : ι) (hw : ∀ (p : ι), w p ≠ 0)
  (heigen : AFPBarrier.jumpGenerator (AFPBarrier.conductanceRate γ w) f i = -2 * f i) :
  ∑ j, γ i j * (f j - f i) = -2 * w i * f i
'AFPBarrier.S2_coordinate_eigen_implies_minus_two_balance' depends on axioms: [propext, Classical.choice, Quot.sound]
AFPBarrier.minus_two_and_minus_four_balance_incompatible.{u_1} {ι : Type u_1} [Fintype ι] [DecidableEq ι]
  (γ : ι → ι → ℝ) (w f : ι → ℝ) (i : ι) (hnonzero : w i * f i ≠ 0) (h2 : ∑ j, γ i j * (f j - f i) = -2 * w i * f i)
  (h4 : ∑ j, γ i j * (f j - f i) = -4 * w i * f i) : False
'AFPBarrier.minus_two_and_minus_four_balance_incompatible' depends on axioms: [propext, Classical.choice, Quot.sound]
AFPBarrier.oneShell_radial_rate.{u_1, u_2} {I : Type u_1} {K : Type u_2} [Fintype K] [DecidableEq K] (J : Finset I)
  (row : I → ℝ) (z : K → ℝ) (u : I → K → ℝ) (d ell s r : ℝ) (hr : r = AFPBarrier.oneShellRate J row)
  (hunit : AFPBarrier.oneShellFiniteDot z z = 1) (htangent : ∀ j ∈ J, AFPBarrier.oneShellFiniteDot z (u j) = 0)
  (heigen : ∀ (p : K), ∑ j ∈ J, row j * (-ell * z p + s * u j p) = -(d - 1) * z p) : r * ell = d - 1
'AFPBarrier.oneShell_radial_rate' depends on axioms: [propext, Classical.choice, Quot.sound]
AFPBarrier.oneShell_tangent_balance.{u_1, u_2} {I : Type u_1} {K : Type u_2} [Fintype K] [DecidableEq K] (J : Finset I)
  (row : I → ℝ) (z : K → ℝ) (u : I → K → ℝ) (d ell s r : ℝ) (hr : r = AFPBarrier.oneShellRate J row) (hs : s ≠ 0)
  (hradial : r * ell = d - 1) (heigen : ∀ (p : K), ∑ j ∈ J, row j * (-ell * z p + s * u j p) = -(d - 1) * z p) (p : K) :
  AFPBarrier.oneShellFirstMoment J row u p = 0
'AFPBarrier.oneShell_tangent_balance' depends on axioms: [propext, Classical.choice, Quot.sound]
AFPBarrier.oneShell_covariance_expansion.{u_1, u_2} {I : Type u_1} {K : Type u_2} [Fintype K] [DecidableEq K]
  (J : Finset I) (row : I → ℝ) (z : K → ℝ) (u : I → K → ℝ) (ell s : ℝ) (p q : K) :
  AFPBarrier.oneShellCovariance J row z u ell s p q =
    ell ^ 2 * AFPBarrier.oneShellRate J row * z p * z q - ell * s * z p * AFPBarrier.oneShellFirstMoment J row u q -
        ell * s * z q * AFPBarrier.oneShellFirstMoment J row u p +
      s ^ 2 * AFPBarrier.oneShellSecondMoment J row u p q
'AFPBarrier.oneShell_covariance_expansion' depends on axioms: [propext, Classical.choice, Quot.sound]
AFPBarrier.oneShell_covariance_decomposition.{u_1, u_2} {I : Type u_1} {K : Type u_2} [Fintype K] [DecidableEq K]
  (J : Finset I) (row : I → ℝ) (z : K → ℝ) (u : I → K → ℝ) (d ell s r : ℝ) (hd : d - 1 ≠ 0) (hradial : r * ell = d - 1)
  (hsquare : s ^ 2 = ell * (2 - ell)) (hfirst : ∀ (p : K), AFPBarrier.oneShellFirstMoment J row u p = 0)
  (hsecond :
    ∀ (p q : K), AFPBarrier.oneShellSecondMoment J row u p q = r / (d - 1) * ((if p = q then 1 else 0) - z p * z q))
  (hr : r = AFPBarrier.oneShellRate J row) (p q : K) :
  AFPBarrier.oneShellCovariance J row z u ell s p q =
    (2 - ell) * ((if p = q then 1 else 0) - z p * z q) + (d - 1) * ell * z p * z q
'AFPBarrier.oneShell_covariance_decomposition' depends on axioms: [propext, Classical.choice, Quot.sound]
AFPBarrier.oneShell_actual_covariance_decomposition.{u_4, u_5} {I : Type u_4} {K : Type u_5} [Fintype K] [DecidableEq K]
  (J : Finset I) (row : I → ℝ) (z : K → ℝ) (u : I → K → ℝ) (C : Matrix K K ℝ) (d ell s r : ℝ) (hd : d - 1 ≠ 0)
  (hradial : r * ell = d - 1) (hsquare : s ^ 2 = ell * (2 - ell))
  (hfirst : ∀ (p : K), AFPBarrier.oneShellFirstMoment J row u p = 0)
  (hsecond :
    ∀ (p q : K), AFPBarrier.oneShellSecondMoment J row u p q = r / (d - 1) * ((if p = q then 1 else 0) - z p * z q))
  (hr : r = AFPBarrier.oneShellRate J row)
  (hactual : ∀ (p q : K), C p q = AFPBarrier.oneShellCovariance J row z u ell s p q) (p q : K) :
  C p q = (2 - ell) * ((if p = q then 1 else 0) - z p * z q) + (d - 1) * ell * z p * z q
'AFPBarrier.oneShell_actual_covariance_decomposition' depends on axioms: [propext, Classical.choice, Quot.sound]
AFPBarrier.oneShell_matrixFrobeniusPairing_add_right.{u_4} {K : Type u_4} [Fintype K] (A B C : Matrix K K ℝ) :
  AFPBarrier.matrixFrobeniusPairing A (B + C) =
    AFPBarrier.matrixFrobeniusPairing A B + AFPBarrier.matrixFrobeniusPairing A C
'AFPBarrier.oneShell_matrixFrobeniusPairing_add_right' depends on axioms: [propext, Classical.choice, Quot.sound]
AFPBarrier.oneShell_matrixFrobeniusPairing_smul_right.{u_4} {K : Type u_4} [Fintype K] (A B : Matrix K K ℝ) (c : ℝ) :
  AFPBarrier.matrixFrobeniusPairing A (c • B) = c * AFPBarrier.matrixFrobeniusPairing A B
'AFPBarrier.oneShell_matrixFrobeniusPairing_smul_right' depends on axioms: [propext, Classical.choice, Quot.sound]
AFPBarrier.oneShell_matrixFrobeniusPairing_one.{u_4} {K : Type u_4} [Fintype K] [DecidableEq K] (A : Matrix K K ℝ) :
  AFPBarrier.matrixFrobeniusPairing A 1 = A.trace
'AFPBarrier.oneShell_matrixFrobeniusPairing_one' depends on axioms: [propext, Classical.choice, Quot.sound]
AFPBarrier.oneShell_matrixFrobeniusPairing_vecMulVec.{u_4} {K : Type u_4} [Fintype K] (A : Matrix K K ℝ) (z : K → ℝ) :
  AFPBarrier.matrixFrobeniusPairing A (Matrix.vecMulVec z z) = ∑ p, ∑ q, A p q * z p * z q
'AFPBarrier.oneShell_matrixFrobeniusPairing_vecMulVec' depends on axioms: [propext, Classical.choice, Quot.sound]
AFPBarrier.oneShell_traceFree_residual_pairing.{u_4} {K : Type u_4} [Fintype K] [DecidableEq K] (A C : Matrix K K ℝ)
  (z : K → ℝ) (d ell : ℝ) (htrace : A.trace = 0)
  (hC : ∀ (p q : K), C p q = (2 - ell) * ((if p = q then 1 else 0) - z p * z q) + (d - 1) * ell * z p * z q) :
  AFPBarrier.matrixFrobeniusPairing A (C + 2 • Matrix.vecMulVec z z) = d * ell * ∑ p, ∑ q, A p q * z p * z q
'AFPBarrier.oneShell_traceFree_residual_pairing' depends on axioms: [propext, Classical.choice, Quot.sound]
AFPBarrier.oneShell_sphereResidual_row.{u_4, u_5} {I : Type u_4} {K : Type u_5} [Fintype I] [DecidableEq I] [Fintype K]
  [DecidableEq K] (a : I → I → ℝ) (x : I → K → ℝ) (ell : I → ℝ)
  (hx : ∀ (p : K) (i : I), AFPBarrier.jumpGenerator a (fun j => x j p) i = -(↑(Fintype.card K) - 1) * x i p)
  (hcov :
    ∀ (i : I) (p q : K),
      AFPBarrier.jumpCovarianceMatrix a x i p q =
        (2 - ell i) * ((if p = q then 1 else 0) - x i p * x i q) + (↑(Fintype.card K) - 1) * ell i * x i p * x i q)
  (A : ↥(AFPBarrier.symmetricTraceFreeMatrices K)) (i : I) :
  (AFPBarrier.sphereResidualLinear a x) A i = ↑(Fintype.card K) * ell i * (AFPBarrier.sphereSamplingLinear x) A i
'AFPBarrier.oneShell_sphereResidual_row' depends on axioms: [propext, Classical.choice, Quot.sound]
AFPBarrier.oneShell_residual_factorization.{u_1, u_3} {I : Type u_1} {V : Type u_3} [AddCommGroup V] [Module ℝ V]
  (S R : V →ₗ[ℝ] I → ℝ) (scale : I → ℝ) (hrow : ∀ (A : V) (i : I), R A i = scale i * S A i) :
  R = AFPBarrier.diagonalMultiplier scale ∘ₗ S
'AFPBarrier.oneShell_residual_factorization' depends on axioms: [propext, Classical.choice, Quot.sound]
AFPBarrier.oneShell_residualKernel_eq_samplingKernel.{u_1, u_3} {I : Type u_1} {V : Type u_3} [AddCommGroup V]
  [Module ℝ V] (S R : V →ₗ[ℝ] I → ℝ) (scale : I → ℝ) (hscale : ∀ (i : I), scale i ≠ 0)
  (hrow : ∀ (A : V) (i : I), R A i = scale i * S A i) : R.ker = S.ker
'AFPBarrier.oneShell_residualKernel_eq_samplingKernel' depends on axioms: [propext, Classical.choice, Quot.sound]
AFPBarrier.oneShell_residualRank_eq_samplingRank.{u_1, u_3} {I : Type u_1} {V : Type u_3} [AddCommGroup V] [Module ℝ V]
  [FiniteDimensional ℝ V] (S R : V →ₗ[ℝ] I → ℝ) (scale : I → ℝ) (hscale : ∀ (i : I), scale i ≠ 0)
  (hrow : ∀ (A : V) (i : I), R A i = scale i * S A i) : Module.finrank ℝ ↥R.range = Module.finrank ℝ ↥S.range
'AFPBarrier.oneShell_residualRank_eq_samplingRank' depends on axioms: [propext, Classical.choice, Quot.sound]
AFPBarrier.oneShell_sampledExactRange_eq_bot.{u_1, u_3} {I : Type u_1} {V : Type u_3} [AddCommGroup V] [Module ℝ V]
  (S R : V →ₗ[ℝ] I → ℝ) (scale : I → ℝ) (hscale : ∀ (i : I), scale i ≠ 0)
  (hrow : ∀ (A : V) (i : I), R A i = scale i * S A i) : (S.domRestrict R.ker).range = ⊥
'AFPBarrier.oneShell_sampledExactRange_eq_bot' depends on axioms: [propext, Classical.choice, Quot.sound]
AFPBarrier.oneShell_sphereResidual_factorization.{u_4, u_5} {I : Type u_4} {K : Type u_5} [Fintype I] [DecidableEq I]
  [Fintype K] [DecidableEq K] (a : I → I → ℝ) (x : I → K → ℝ) (ell : I → ℝ)
  (hx : ∀ (p : K) (i : I), AFPBarrier.jumpGenerator a (fun j => x j p) i = -(↑(Fintype.card K) - 1) * x i p)
  (hcov :
    ∀ (i : I) (p q : K),
      AFPBarrier.jumpCovarianceMatrix a x i p q =
        (2 - ell i) * ((if p = q then 1 else 0) - x i p * x i q) + (↑(Fintype.card K) - 1) * ell i * x i p * x i q) :
  AFPBarrier.sphereResidualLinear a x =
    (AFPBarrier.diagonalMultiplier fun i => ↑(Fintype.card K) * ell i) ∘ₗ AFPBarrier.sphereSamplingLinear x
'AFPBarrier.oneShell_sphereResidual_factorization' depends on axioms: [propext, Classical.choice, Quot.sound]
AFPBarrier.oneShell_sphereScale_ne_zero.{u_4, u_5} {I : Type u_4} {K : Type u_5} [Fintype K] [Nonempty K] (ell : I → ℝ)
  (hell : ∀ (i : I), ell i ≠ 0) (i : I) : ↑(Fintype.card K) * ell i ≠ 0
'AFPBarrier.oneShell_sphereScale_ne_zero' depends on axioms: [propext, Classical.choice, Quot.sound]
AFPBarrier.oneShell_sphereResidualKernel_eq_samplingKernel.{u_4, u_5} {I : Type u_4} {K : Type u_5} [Fintype I]
  [DecidableEq I] [Fintype K] [DecidableEq K] [Nonempty K] (a : I → I → ℝ) (x : I → K → ℝ) (ell : I → ℝ)
  (hx : ∀ (p : K) (i : I), AFPBarrier.jumpGenerator a (fun j => x j p) i = -(↑(Fintype.card K) - 1) * x i p)
  (hcov :
    ∀ (i : I) (p q : K),
      AFPBarrier.jumpCovarianceMatrix a x i p q =
        (2 - ell i) * ((if p = q then 1 else 0) - x i p * x i q) + (↑(Fintype.card K) - 1) * ell i * x i p * x i q)
  (hell : ∀ (i : I), ell i ≠ 0) : (AFPBarrier.sphereResidualLinear a x).ker = (AFPBarrier.sphereSamplingLinear x).ker
'AFPBarrier.oneShell_sphereResidualKernel_eq_samplingKernel' depends on axioms: [propext, Classical.choice, Quot.sound]
AFPBarrier.oneShell_sphereResidualRank_eq_samplingRank.{u_4, u_5} {I : Type u_4} {K : Type u_5} [Fintype I]
  [DecidableEq I] [Fintype K] [DecidableEq K] [Nonempty K] (a : I → I → ℝ) (x : I → K → ℝ) (ell : I → ℝ)
  (hx : ∀ (p : K) (i : I), AFPBarrier.jumpGenerator a (fun j => x j p) i = -(↑(Fintype.card K) - 1) * x i p)
  (hcov :
    ∀ (i : I) (p q : K),
      AFPBarrier.jumpCovarianceMatrix a x i p q =
        (2 - ell i) * ((if p = q then 1 else 0) - x i p * x i q) + (↑(Fintype.card K) - 1) * ell i * x i p * x i q)
  (hell : ∀ (i : I), ell i ≠ 0) :
  Module.finrank ℝ ↥(AFPBarrier.sphereResidualLinear a x).range =
    Module.finrank ℝ ↥(AFPBarrier.sphereSamplingLinear x).range
'AFPBarrier.oneShell_sphereResidualRank_eq_samplingRank' depends on axioms: [propext, Classical.choice, Quot.sound]
AFPBarrier.oneShell_sphereSampledExactRange_eq_bot.{u_4, u_5} {I : Type u_4} {K : Type u_5} [Fintype I] [DecidableEq I]
  [Fintype K] [DecidableEq K] [Nonempty K] (a : I → I → ℝ) (x : I → K → ℝ) (ell : I → ℝ)
  (hx : ∀ (p : K) (i : I), AFPBarrier.jumpGenerator a (fun j => x j p) i = -(↑(Fintype.card K) - 1) * x i p)
  (hcov :
    ∀ (i : I) (p q : K),
      AFPBarrier.jumpCovarianceMatrix a x i p q =
        (2 - ell i) * ((if p = q then 1 else 0) - x i p * x i q) + (↑(Fintype.card K) - 1) * ell i * x i p * x i q)
  (hell : ∀ (i : I), ell i ≠ 0) :
  AFPBarrier.linearSampledExactRange (AFPBarrier.jumpGeneratorLinear a) (2 * ↑(Fintype.card K))
      (AFPBarrier.sphereSamplingLinear x) =
    ⊥
'AFPBarrier.oneShell_sphereSampledExactRange_eq_bot' depends on axioms: [propext, Classical.choice, Quot.sound]
AFPBarrier.covarianceTrace_eq_four_of_normLoss.{u_1} {ι : Type u_1} [Fintype ι] [DecidableEq ι]
  (a loss normDiffSq : ι → ι → ℝ) (i : ι) (hnorm : ∀ j ∈ AFPBarrier.offdiag i, normDiffSq i j = 2 * loss i j)
  (hmoment : ∑ j ∈ AFPBarrier.offdiag i, a i j * loss i j = 2) : ∑ j ∈ AFPBarrier.offdiag i, a i j * normDiffSq i j = 4
'AFPBarrier.covarianceTrace_eq_four_of_normLoss' depends on axioms: [propext, Classical.choice, Quot.sound]
AFPBarrier.radialCovariance_eq_sphericalEpsilon.{u_1} {ι : Type u_1} [Fintype ι] [DecidableEq ι]
  (a loss radialDiff : ι → ι → ℝ) (i : ι) (hradial : ∀ j ∈ AFPBarrier.offdiag i, radialDiff i j = -loss i j) :
  ∑ j ∈ AFPBarrier.offdiag i, a i j * radialDiff i j ^ 2 = AFPBarrier.sphericalEpsilonAt a loss i
'AFPBarrier.radialCovariance_eq_sphericalEpsilon' depends on axioms: [propext, Classical.choice, Quot.sound]
AFPBarrier.sphericalEpsilon_eq_four_mul_Q_div_rate.{u_1} {ι : Type u_1} [Fintype ι] [DecidableEq ι] (a loss : ι → ι → ℝ)
  (i : ι) (hrate : 0 < AFPBarrier.jumpRate a i) :
  AFPBarrier.sphericalEpsilonAt a loss i = 4 * AFPBarrier.sphericalQAt a loss i / AFPBarrier.jumpRate a i
'AFPBarrier.sphericalEpsilon_eq_four_mul_Q_div_rate' depends on axioms: [propext, Classical.choice, Quot.sound]
AFPBarrier.normalizedTangent_centered_of_barycenter.{u_1, u_2} {ι : Type u_1} {κ : Type u_2} [Fintype ι] [DecidableEq ι]
  (s : Finset ι) (pweight : ι → ℝ) (Omega u : ι → κ → ℝ) (z : κ → ℝ) (ell sigma : ℝ) (hsum : s.sum pweight = 1)
  (hbarycenter : ∀ (k : κ), ∑ j ∈ s, pweight j * Omega j k = (1 - ell) * z k)
  (hparametrization : ∀ j ∈ s, ∀ (k : κ), Omega j k = (1 - ell) * z k + sigma * u j k) (hsigma : sigma ≠ 0) (k : κ) :
  ∑ j ∈ s, pweight j * u j k = 0
'AFPBarrier.normalizedTangent_centered_of_barycenter' depends on axioms: [propext, Classical.choice, Quot.sound]
AFPBarrier.normalizedTangentSecondMoment_trace_one.{u_1, u_2} {ι : Type u_1} {κ : Type u_2} [Fintype ι] [DecidableEq ι]
  [Fintype κ] (s : Finset ι) (pweight : ι → ℝ) (u : ι → κ → ℝ) (hsum : s.sum pweight = 1)
  (hunit : ∀ j ∈ s, ∑ k, u j k ^ 2 = 1) : ∑ k, AFPBarrier.normalizedTangentSecondMoment s pweight u k k = 1
'AFPBarrier.normalizedTangentSecondMoment_trace_one' depends on axioms: [propext, Classical.choice, Quot.sound]
AFPBarrier.weighted_centered_affine_product_sum.{u_1} {ι : Type u_1} [Fintype ι] [DecidableEq ι] (s : Finset ι)
  (p u v : ι → ℝ) (A B C D : ℝ) (hsum : s.sum p = 1) (hcenterU : ∑ j ∈ s, p j * u j = 0)
  (hcenterV : ∑ j ∈ s, p j * v j = 0) :
  ∑ j ∈ s, p j * ((A + B * u j) * (C + D * v j)) = A * C + B * D * ∑ j ∈ s, p j * u j * v j
'AFPBarrier.weighted_centered_affine_product_sum' depends on axioms: [propext, Classical.choice, Quot.sound]
AFPBarrier.qOne_covarianceEntry_decomposition.{u_1, u_2} {ι : Type u_1} {κ : Type u_2} [Fintype ι] [DecidableEq ι]
  (s : Finset ι) (pweight : ι → ℝ) (u : ι → κ → ℝ) (z : κ → ℝ) (k l : κ) (rate ell sigma : ℝ) (hsum : s.sum pweight = 1)
  (hcenterK : ∑ j ∈ s, pweight j * u j k = 0) (hcenterL : ∑ j ∈ s, pweight j * u j l = 0) (hrateLoss : rate * ell = 2)
  (hsigma : sigma ^ 2 = ell * (2 - ell)) :
  rate * ∑ j ∈ s, pweight j * ((-ell * z k + sigma * u j k) * (-ell * z l + sigma * u j l)) =
    2 * ell * z k * z l + 2 * (2 - ell) * AFPBarrier.normalizedTangentSecondMoment s pweight u k l
'AFPBarrier.qOne_covarianceEntry_decomposition' depends on axioms: [propext, Classical.choice, Quot.sound]
AFPBarrier.jumpCovariance_eq_rate_mul_normalized.{u_1, u_2} {ι : Type u_1} {κ : Type u_2} [Fintype ι] [DecidableEq ι]
  [Fintype κ] [DecidableEq κ] (a : ι → ι → ℝ) (Omega : ι → κ → ℝ) (i : ι) (k l : κ)
  (hrate : 0 < AFPBarrier.jumpRate a i) :
  AFPBarrier.jumpCovarianceMatrix a Omega i k l =
    AFPBarrier.jumpRate a i *
      ∑ j ∈ AFPBarrier.offdiag i, a i j / AFPBarrier.jumpRate a i * (Omega j k - Omega i k) * (Omega j l - Omega i l)
'AFPBarrier.jumpCovariance_eq_rate_mul_normalized' depends on axioms: [propext, Classical.choice, Quot.sound]
AFPBarrier.qOne_jumpCovariance_decomposition.{u_1, u_2} {ι : Type u_1} {κ : Type u_2} [Fintype ι] [DecidableEq ι]
  [Fintype κ] [DecidableEq κ] (a : ι → ι → ℝ) (Omega : ι → κ → ℝ) (i : ι) (u : ι → κ → ℝ) (ell sigma : ℝ)
  (hrate : 0 < AFPBarrier.jumpRate a i)
  (hdisplacement : ∀ j ∈ AFPBarrier.offdiag i, ∀ (k : κ), Omega j k - Omega i k = -ell * Omega i k + sigma * u j k)
  (hcenter : ∀ (k : κ), ∑ j ∈ AFPBarrier.offdiag i, a i j / AFPBarrier.jumpRate a i * u j k = 0)
  (hrateLoss : AFPBarrier.jumpRate a i * ell = 2) (hsigma : sigma ^ 2 = ell * (2 - ell)) (k l : κ) :
  AFPBarrier.jumpCovarianceMatrix a Omega i k l =
    2 * ell * Omega i k * Omega i l +
      2 * (2 - ell) *
        AFPBarrier.normalizedTangentSecondMoment (AFPBarrier.offdiag i) (fun j => a i j / AFPBarrier.jumpRate a i) u k l
'AFPBarrier.qOne_jumpCovariance_decomposition' depends on axioms: [propext, Classical.choice, Quot.sound]
AFPBarrier.qOne_covariance_axial_iff_tangentHalf.{u_2} {κ : Type u_2} [DecidableEq κ] (ell : ℝ) (hell : ell < 2)
  (z : κ → ℝ) (C T : κ → κ → ℝ) (hC : ∀ (k l : κ), C k l = 2 * ell * z k * z l + 2 * (2 - ell) * T k l) :
  (∀ (k l : κ), C k l = (2 - ell) * AFPBarrier.tangentProjectorEntry z k l + 2 * ell * z k * z l) ↔
    ∀ (k l : κ), T k l = AFPBarrier.tangentProjectorEntry z k l / 2
'AFPBarrier.qOne_covariance_axial_iff_tangentHalf' depends on axioms: [propext, Classical.choice, Quot.sound]
AFPBarrier.oneShellSecondMoment_eq_rate_mul_normalized.{u_1, u_2} {ι : Type u_1} {κ : Type u_2} [Fintype ι]
  [DecidableEq ι] [Fintype κ] [DecidableEq κ] (J : Finset ι) (row : ι → ℝ) (u : ι → κ → ℝ) (rate : ℝ) (hrate : 0 < rate)
  (k l : κ) :
  AFPBarrier.oneShellSecondMoment J row u k l =
    rate * AFPBarrier.normalizedTangentSecondMoment J (fun j => row j / rate) u k l
'AFPBarrier.oneShellSecondMoment_eq_rate_mul_normalized' depends on axioms: [propext, Classical.choice, Quot.sound]
AFPBarrier.normalizedTangentHalf_iff_d3_oneShellSecondMoment.{u_1, u_2} {ι : Type u_1} {κ : Type u_2} [Fintype ι]
  [DecidableEq ι] [Fintype κ] [DecidableEq κ] (J : Finset ι) (row : ι → ℝ) (u : ι → κ → ℝ) (z : κ → ℝ) (rate : ℝ)
  (hrate : 0 < rate) :
  (∀ (k l : κ),
      AFPBarrier.normalizedTangentSecondMoment J (fun j => row j / rate) u k l =
        AFPBarrier.tangentProjectorEntry z k l / 2) ↔
    ∀ (k l : κ), AFPBarrier.oneShellSecondMoment J row u k l = rate / (3 - 1) * AFPBarrier.tangentProjectorEntry z k l
'AFPBarrier.normalizedTangentHalf_iff_d3_oneShellSecondMoment' depends on axioms: [propext,
 Classical.choice,
 Quot.sound]
AFPBarrier.qOne_residual_entry_algebra (ell zz diag T P C M : ℝ) (hP : P = diag - zz)
  (hC : C = 2 * ell * zz + 2 * (2 - ell) * T) (hM : M = C + 2 * zz - 2 * diag) :
  M = 3 * ell * (zz - diag / 3) + 2 * (2 - ell) * (T - P / 2)
'AFPBarrier.qOne_residual_entry_algebra' depends on axioms: [propext, Classical.choice, Quot.sound]
AFPBarrier.sphereResidualMatrix_entry_of_trace_six.{u_3, u_4} {I : Type u_3} {K : Type u_4} [Fintype I] [DecidableEq I]
  [Fintype K] [DecidableEq K] (a : I → I → ℝ) (Omega : I → K → ℝ) (i : I) (k l : K) (hcard : Fintype.card K = 3)
  (htrace : (AFPBarrier.jumpCovarianceMatrix a Omega i + 2 • Matrix.vecMulVec (Omega i) (Omega i)).trace = 6) :
  AFPBarrier.sphereResidualMatrix a Omega i k l =
    AFPBarrier.jumpCovarianceMatrix a Omega i k l + 2 * Omega i k * Omega i l - if k = l then 2 else 0
'AFPBarrier.sphereResidualMatrix_entry_of_trace_six' depends on axioms: [propext, Classical.choice, Quot.sound]
AFPBarrier.qOne_sphereResidual_entry_decomposition.{u_3, u_4} {I : Type u_3} {K : Type u_4} [Fintype I] [DecidableEq I]
  [Fintype K] [DecidableEq K] (a : I → I → ℝ) (Omega : I → K → ℝ) (i : I) (T : K → K → ℝ) (ell : ℝ)
  (hcard : Fintype.card K = 3) (hunit : ∑ k, Omega i k ^ 2 = 1) (htraceT : ∑ k, T k k = 1)
  (hC :
    ∀ (k l : K),
      AFPBarrier.jumpCovarianceMatrix a Omega i k l = 2 * ell * Omega i k * Omega i l + 2 * (2 - ell) * T k l)
  (k l : K) :
  AFPBarrier.sphereResidualMatrix a Omega i k l =
    3 * ell * (Omega i k * Omega i l - (if k = l then 1 else 0) / 3) +
      2 * (2 - ell) * (T k l - AFPBarrier.tangentProjectorEntry (Omega i) k l / 2)
'AFPBarrier.qOne_sphereResidual_entry_decomposition' depends on axioms: [propext, Classical.choice, Quot.sound]
AFPBarrier.weightedOctahedron_axis_axial_iff (g₁ g₂ : ℝ) (hsum : 0 < g₁ + g₂) :
  g₁ / (g₁ + g₂) = g₂ / (g₁ + g₂) ↔ g₁ = g₂
'AFPBarrier.weightedOctahedron_axis_axial_iff' depends on axioms: [propext, Classical.choice, Quot.sound]
AFPBarrier.weightedOctahedron_all_axes_axial_iff (g₁ g₂ g₃ : ℝ) (h₁₂ : 0 < g₁ + g₂) (h₁₃ : 0 < g₁ + g₃)
  (h₂₃ : 0 < g₂ + g₃) :
  g₂ / (g₂ + g₃) = g₃ / (g₂ + g₃) ∧ g₁ / (g₁ + g₃) = g₃ / (g₁ + g₃) ∧ g₁ / (g₁ + g₂) = g₂ / (g₁ + g₂) ↔
    g₁ = g₂ ∧ g₂ = g₃
'AFPBarrier.weightedOctahedron_all_axes_axial_iff' depends on axioms: [propext, Classical.choice, Quot.sound]
AFPBarrier.jumpGenerator_sampledQuadratic.{u_1, u_2} {ι : Type u_1} {κ : Type u_2} [Fintype ι] [DecidableEq ι]
  [Fintype κ] (a : ι → ι → ℝ) (A : κ → κ → ℝ) (x : ι → κ → ℝ) (lambda : ℝ)
  (hx : ∀ (p : κ) (i : ι), AFPBarrier.jumpGenerator a (fun j => x j p) i = -lambda * x i p) (i : ι) :
  AFPBarrier.jumpGenerator a (AFPBarrier.sampledQuadratic A x) i =
    -2 * lambda * AFPBarrier.sampledQuadratic A x i + AFPBarrier.quadraticCovariancePairing a A x i
'AFPBarrier.jumpGenerator_sampledQuadratic' depends on axioms: [propext, Classical.choice, Quot.sound]
AFPBarrier.sampledQuadratic_arbitraryTarget.{u_1, u_2} {ι : Type u_1} {κ : Type u_2} [Fintype ι] [DecidableEq ι]
  [Fintype κ] (a : ι → ι → ℝ) (A : κ → κ → ℝ) (x : ι → κ → ℝ) (lambda mu c : ℝ)
  (hx : ∀ (p : κ) (i : ι), AFPBarrier.jumpGenerator a (fun j => x j p) i = -lambda * x i p) (i : ι) :
  AFPBarrier.jumpGenerator a (fun j => AFPBarrier.sampledQuadratic A x j - c) i +
      mu * (AFPBarrier.sampledQuadratic A x i - c) =
    AFPBarrier.quadraticCovariancePairing a A x i + (mu - 2 * lambda) * AFPBarrier.sampledQuadratic A x i - mu * c
'AFPBarrier.sampledQuadratic_arbitraryTarget' depends on axioms: [propext, Classical.choice, Quot.sound]
AFPBarrier.sampledQuadratic_eigen_iff.{u_1, u_2} {ι : Type u_1} {κ : Type u_2} [Fintype ι] [DecidableEq ι] [Fintype κ]
  (a : ι → ι → ℝ) (A : κ → κ → ℝ) (x : ι → κ → ℝ) (lambda mu c : ℝ)
  (hx : ∀ (p : κ) (i : ι), AFPBarrier.jumpGenerator a (fun j => x j p) i = -lambda * x i p) :
  (∀ (i : ι),
      AFPBarrier.jumpGenerator a (fun j => AFPBarrier.sampledQuadratic A x j - c) i =
        -mu * (AFPBarrier.sampledQuadratic A x i - c)) ↔
    ∀ (i : ι),
      AFPBarrier.quadraticCovariancePairing a A x i + (mu - 2 * lambda) * AFPBarrier.sampledQuadratic A x i - mu * c = 0
'AFPBarrier.sampledQuadratic_eigen_iff' depends on axioms: [propext, Classical.choice, Quot.sound]
AFPBarrier.weighted_sum_jumpGenerator_eq_zero_of_detailedBalance.{u_1} {ι : Type u_1} [Fintype ι] [DecidableEq ι]
  (a : ι → ι → ℝ) (w f : ι → ℝ) (hw : ∀ (i : ι), w i ≠ 0) (hbalance : ∀ (i j : ι), w i * a i j = w j * a j i) :
  ∑ i, w i * AFPBarrier.jumpGenerator a f i = 0
'AFPBarrier.weighted_sum_jumpGenerator_eq_zero_of_detailedBalance' depends on axioms: [propext,
 Classical.choice,
 Quot.sound]
AFPBarrier.detailedBalance_eigen_implies_weightedMean_zero.{u_1} {ι : Type u_1} [Fintype ι] [DecidableEq ι]
  (a : ι → ι → ℝ) (w f : ι → ℝ) (mu : ℝ) (hw : ∀ (i : ι), w i ≠ 0) (hbalance : ∀ (i j : ι), w i * a i j = w j * a j i)
  (hmu : mu ≠ 0) (heigen : ∀ (i : ι), AFPBarrier.jumpGenerator a f i = -mu * f i) : ∑ i, w i * f i = 0
'AFPBarrier.detailedBalance_eigen_implies_weightedMean_zero' depends on axioms: [propext, Classical.choice, Quot.sound]
AFPBarrier.sampledQuadratic_center_eq_weightedMean.{u_1, u_2} {ι : Type u_1} {κ : Type u_2} [Fintype ι] [DecidableEq ι]
  [Fintype κ] [Nonempty ι] (a : ι → ι → ℝ) (A : κ → κ → ℝ) (x : ι → κ → ℝ) (w : ι → ℝ) (mu c : ℝ)
  (hw : ∀ (i : ι), 0 < w i) (hbalance : ∀ (i j : ι), w i * a i j = w j * a j i) (hmu : mu ≠ 0)
  (heigen :
    ∀ (i : ι),
      AFPBarrier.jumpGenerator a (fun j => AFPBarrier.sampledQuadratic A x j - c) i =
        -mu * (AFPBarrier.sampledQuadratic A x i - c)) :
  c = (∑ i, w i * AFPBarrier.sampledQuadratic A x i) / ∑ i, w i
'AFPBarrier.sampledQuadratic_center_eq_weightedMean' depends on axioms: [propext, Classical.choice, Quot.sound]
AFPBarrier.sampledQuadratic_zeroTarget_center_independent.{u_1, u_2} {ι : Type u_1} {κ : Type u_2} [Fintype ι]
  [DecidableEq ι] [Fintype κ] (a : ι → ι → ℝ) (A : κ → κ → ℝ) (x : ι → κ → ℝ) (c c' : ℝ) :
  (∀ (i : ι), AFPBarrier.jumpGenerator a (fun j => AFPBarrier.sampledQuadratic A x j - c) i = 0) ↔
    ∀ (i : ι), AFPBarrier.jumpGenerator a (fun j => AFPBarrier.sampledQuadratic A x j - c') i = 0
'AFPBarrier.sampledQuadratic_zeroTarget_center_independent' depends on axioms: [propext, Classical.choice, Quot.sound]
AFPBarrier.increment_radial_tangent_decomposition.{u_2} {K : Type u_2} [Fintype K] [DecidableEq K] (z y : K → ℝ)
  (ell : ℝ) (p : K) : y p - z p = -ell * z p + AFPBarrier.projectedTangentIncrement z y ell p
'AFPBarrier.increment_radial_tangent_decomposition' depends on axioms: [propext, Classical.choice, Quot.sound]
AFPBarrier.projectedTangentIncrement_orthogonal.{u_2} {K : Type u_2} [Fintype K] [DecidableEq K] (z y : K → ℝ) (ell : ℝ)
  (hzz : AFPBarrier.oneShellFiniteDot z z = 1) (hzy : AFPBarrier.oneShellFiniteDot z y = 1 - ell) :
  AFPBarrier.oneShellFiniteDot z (AFPBarrier.projectedTangentIncrement z y ell) = 0
'AFPBarrier.projectedTangentIncrement_orthogonal' depends on axioms: [propext, Classical.choice, Quot.sound]
AFPBarrier.projectedTangentIncrement_normSq.{u_2} {K : Type u_2} [Fintype K] [DecidableEq K] (z y : K → ℝ) (ell : ℝ)
  (hzz : AFPBarrier.oneShellFiniteDot z z = 1) (hyy : AFPBarrier.oneShellFiniteDot y y = 1)
  (hzy : AFPBarrier.oneShellFiniteDot z y = 1 - ell) :
  AFPBarrier.oneShellFiniteDot (AFPBarrier.projectedTangentIncrement z y ell)
      (AFPBarrier.projectedTangentIncrement z y ell) =
    ell * (2 - ell)
'AFPBarrier.projectedTangentIncrement_normSq' depends on axioms: [propext, Classical.choice, Quot.sound]
AFPBarrier.equalityRemainderEntry_zero_iff_axialCovariance (d ell zz diag C B : ℝ)
  (hB : B = C + 2 * zz - 2 * diag - d * ell * zz + ell * diag) :
  B = 0 ↔ C = (2 - ell) * (diag - zz) + (d - 1) * ell * zz
'AFPBarrier.equalityRemainderEntry_zero_iff_axialCovariance' depends on axioms: [propext, Classical.choice, Quot.sound]
AFPBarrier.oneShell_axialCovariance_iff_tangentSecondMoment.{u_1, u_2} {I : Type u_1} {K : Type u_2} [Fintype I]
  [DecidableEq I] [Fintype K] [DecidableEq K] (J : Finset I) (row : I → ℝ) (z : K → ℝ) (tau : I → K → ℝ) (d ell r : ℝ)
  (hr : r = AFPBarrier.oneShellRate J row) (hradial : r * ell = d - 1)
  (hfirst : ∀ (p : K), AFPBarrier.oneShellFirstMoment J row tau p = 0) :
  (∀ (p q : K),
      AFPBarrier.oneShellCovariance J row z tau ell 1 p q =
        (2 - ell) * ((if p = q then 1 else 0) - z p * z q) + (d - 1) * ell * z p * z q) ↔
    ∀ (p q : K), AFPBarrier.oneShellSecondMoment J row tau p q = (2 - ell) * ((if p = q then 1 else 0) - z p * z q)
'AFPBarrier.oneShell_axialCovariance_iff_tangentSecondMoment' depends on axioms: [propext, Classical.choice, Quot.sound]
AFPBarrier.oneShellSecondMoment_scaled.{u_1, u_2} {I : Type u_1} {K : Type u_2} [Fintype I] [DecidableEq I] [Fintype K]
  [DecidableEq K] (J : Finset I) (row : I → ℝ) (u : I → K → ℝ) (s : ℝ) (p q : K) :
  AFPBarrier.oneShellSecondMoment J row (fun j k => s * u j k) p q = s ^ 2 * AFPBarrier.oneShellSecondMoment J row u p q
'AFPBarrier.oneShellSecondMoment_scaled' depends on axioms: [propext, Classical.choice, Quot.sound]
AFPBarrier.normalizedTangentTightFrame_iff_oneShellSecondMoment.{u_1, u_2} {I : Type u_1} {K : Type u_2} [Fintype I]
  [DecidableEq I] [Fintype K] [DecidableEq K] (J : Finset I) (row : I → ℝ) (u : I → K → ℝ) (z : K → ℝ) (rate d : ℝ)
  (hrate : 0 < rate) (hd : d - 1 ≠ 0) :
  (∀ (p q : K),
      AFPBarrier.normalizedTangentSecondMoment J (fun j => row j / rate) u p q =
        AFPBarrier.tangentProjectorEntry z p q / (d - 1)) ↔
    ∀ (p q : K), AFPBarrier.oneShellSecondMoment J row u p q = rate / (d - 1) * AFPBarrier.tangentProjectorEntry z p q
'AFPBarrier.normalizedTangentTightFrame_iff_oneShellSecondMoment' depends on axioms: [propext,
 Classical.choice,
 Quot.sound]
AFPBarrier.oneShell_normalizedWeights_sum_one.{u_1} {I : Type u_1} [Fintype I] [DecidableEq I] (J : Finset I)
  (row : I → ℝ) (rate : ℝ) (hrate : 0 < rate) (hr : rate = AFPBarrier.oneShellRate J row) : ∑ j ∈ J, row j / rate = 1
'AFPBarrier.oneShell_normalizedWeights_sum_one' depends on axioms: [propext, Classical.choice, Quot.sound]
AFPBarrier.scaledTangentTightFrame_iff_normalized.{u_1, u_2} {I : Type u_1} {K : Type u_2} [Fintype I] [DecidableEq I]
  [Fintype K] [DecidableEq K] (J : Finset I) (row : I → ℝ) (u : I → K → ℝ) (z : K → ℝ) (rate d ell s : ℝ)
  (hrate : 0 < rate) (hd : d - 1 ≠ 0) (hell : 2 - ell ≠ 0) (hradial : rate * ell = d - 1)
  (hsquare : s ^ 2 = ell * (2 - ell)) :
  (∀ (p q : K),
      AFPBarrier.oneShellSecondMoment J row (fun j k => s * u j k) p q =
        (2 - ell) * AFPBarrier.tangentProjectorEntry z p q) ↔
    ∀ (p q : K),
      AFPBarrier.normalizedTangentSecondMoment J (fun j => row j / rate) u p q =
        AFPBarrier.tangentProjectorEntry z p q / (d - 1)
'AFPBarrier.scaledTangentTightFrame_iff_normalized' depends on axioms: [propext, Classical.choice, Quot.sound]
AFPBarrier.scaledTangentTightFrame_iff_normalized_of_nonantipodal.{u_1, u_2} {I : Type u_1} {K : Type u_2} [Fintype I]
  [DecidableEq I] [Fintype K] [DecidableEq K] (J : Finset I) (row : I → ℝ) (u : I → K → ℝ) (z : K → ℝ)
  (rate d ell s : ℝ) (hd : 1 < d) (hrate : 0 < rate) (hell : ell < 2) (hradial : rate * ell = d - 1)
  (hsquare : s ^ 2 = ell * (2 - ell)) :
  (∀ (p q : K),
      AFPBarrier.oneShellSecondMoment J row (fun j k => s * u j k) p q =
        (2 - ell) * AFPBarrier.tangentProjectorEntry z p q) ↔
    ∀ (p q : K),
      AFPBarrier.normalizedTangentSecondMoment J (fun j => row j / rate) u p q =
        AFPBarrier.tangentProjectorEntry z p q / (d - 1)
'AFPBarrier.scaledTangentTightFrame_iff_normalized_of_nonantipodal' depends on axioms: [propext,
 Classical.choice,
 Quot.sound]
AFPBarrier.quadraticEquality_rate_product (d ell r D : ℝ) (hradial : r * ell = d - 1) (hdefect : D = d * ell) :
  D * r = d * (d - 1)
'AFPBarrier.quadraticEquality_rate_product' depends on axioms: [propext, Classical.choice, Quot.sound]
AFPBarrier.construction_constant_reproduction.{u_2} {J : Type u_2} [Fintype J] [DecidableEq J] (gamma : J → ℝ)
  (constant : ℝ) : ∑ j, gamma j * (constant - constant) = 0
'AFPBarrier.construction_constant_reproduction' depends on axioms: [propext, Classical.choice, Quot.sound]
AFPBarrier.construction_increment_decomposition.{u_2, u_3} {J : Type u_2} {K : Type u_3} [Fintype J] [DecidableEq J]
  [Fintype K] [DecidableEq K] (omega : K → ℝ) (neighbor : J → K → ℝ) (ell : J → ℝ) (j : J) (p : K) :
  neighbor j p - omega p = AFPBarrier.constructionTangentIncrement omega neighbor ell j p - ell j * omega p
'AFPBarrier.construction_increment_decomposition' depends on axioms: [propext, Classical.choice, Quot.sound]
AFPBarrier.tangentForce_zero_radialMass_exactForce.{u_2, u_3} {J : Type u_2} {K : Type u_3} [Fintype J] [DecidableEq J]
  [Fintype K] [DecidableEq K] (gamma ell : J → ℝ) (omega : K → ℝ) (neighbor : J → K → ℝ) (n mu : ℝ)
  (htangent : ∀ (p : K), ∑ j, gamma j * AFPBarrier.constructionTangentIncrement omega neighbor ell j p = 0)
  (hradial : ∑ j, gamma j * ell j = n * mu) (p : K) : ∑ j, gamma j * (neighbor j p - omega p) = -n * mu * omega p
'AFPBarrier.tangentForce_zero_radialMass_exactForce' depends on axioms: [propext, Classical.choice, Quot.sound]
AFPBarrier.tangentForce_zero_radialMass_hOne.{u_2, u_3} {J : Type u_2} {K : Type u_3} [Fintype J] [DecidableEq J]
  [Fintype K] [DecidableEq K] (gamma ell : J → ℝ) (omega : K → ℝ) (neighbor : J → K → ℝ) (n mu : ℝ) (hmu : mu ≠ 0)
  (htangent : ∀ (p : K), ∑ j, gamma j * AFPBarrier.constructionTangentIncrement omega neighbor ell j p = 0)
  (hradial : ∑ j, gamma j * ell j = n * mu) (p : K) : (∑ j, gamma j * (neighbor j p - omega p)) / mu = -n * omega p
'AFPBarrier.tangentForce_zero_radialMass_hOne' depends on axioms: [propext, Classical.choice, Quot.sound]
AFPBarrier.sharedConductance_detailedBalance_entry (gammaIJ gammaJI wi wj : ℝ) (hsymm : gammaIJ = gammaJI)
  (hwi : wi ≠ 0) (hwj : wj ≠ 0) : wi * (gammaIJ / wi) = wj * (gammaJI / wj)
'AFPBarrier.sharedConductance_detailedBalance_entry' depends on axioms: [propext, Classical.choice, Quot.sound]
AFPBarrier.unnormalizedMoment_div_mass_entry (raw mu target : ℝ) (hmu : mu ≠ 0) (hraw : raw = mu * target) :
  raw / mu = target
'AFPBarrier.unnormalizedMoment_div_mass_entry' depends on axioms: [propext, Classical.choice, Quot.sound]
AFPBarrier.unnormalizedMomentSum_div_mass_entry.{u_2} {J : Type u_2} [Fintype J] [DecidableEq J] (gamma phi : J → ℝ)
  (mu target : ℝ) (hmu : mu ≠ 0) (hraw : ∑ j, gamma j * phi j = mu * target) : (∑ j, gamma j * phi j) / mu = target
'AFPBarrier.unnormalizedMomentSum_div_mass_entry' depends on axioms: [propext, Classical.choice, Quot.sound]
AFPBarrier.constructionCorrection_closes.{u_1, u_3, u_4} {I : Type u_1} {K : Type u_3} {E : Type u_4} [Fintype I]
  [DecidableEq I] [Fintype K] [DecidableEq K] [Fintype E] [DecidableEq E] (kernel : I → K → E → ℝ) (u : E → ℝ)
  (b : I → K → ℝ) (hsolve : ∀ (i : I) (p : K), AFPBarrier.constructionCorrectionOperator kernel u i p = b i p) (i : I)
  (p : K) : b i p - AFPBarrier.constructionCorrectionOperator kernel u i p = 0
'AFPBarrier.constructionCorrection_closes' depends on axioms: [propext, Classical.choice, Quot.sound]
AFPBarrier.constructionCorrection_force_zero.{u_1, u_3, u_4} {I : Type u_1} {K : Type u_3} {E : Type u_4} [Fintype I]
  [DecidableEq I] [Fintype K] [DecidableEq K] [Fintype E] [DecidableEq E] (kernel : I → K → E → ℝ) (u : E → ℝ)
  (base correction : I → K → ℝ)
  (hbase : ∀ (i : I) (p : K), base i p = AFPBarrier.constructionCorrectionOperator kernel u i p)
  (hcorrection : ∀ (i : I) (p : K), correction i p = -AFPBarrier.constructionCorrectionOperator kernel u i p) (i : I)
  (p : K) : base i p + correction i p = 0
'AFPBarrier.constructionCorrection_force_zero' depends on axioms: [propext, Classical.choice, Quot.sound]
AFPBarrier.fourPointConnector_firstMoment (a b p q alpha beta gamma delta : ℝ) (ha : a ≠ 0) (hb : b ≠ 0) (hp : p ≠ 0)
  (hq : q ≠ 0) (hflux : alpha + beta = gamma + delta) :
  alpha / a * -a + beta / b * -b + gamma / p * p + delta / q * q = 0
'AFPBarrier.fourPointConnector_firstMoment' depends on axioms: [propext, Classical.choice, Quot.sound]
AFPBarrier.fourPointConnector_cubicMoment (a b p q alpha beta gamma delta : ℝ) (ha : a ≠ 0) (hb : b ≠ 0) (hp : p ≠ 0)
  (hq : q ≠ 0) (hsquare : alpha * a ^ 2 + beta * b ^ 2 = gamma * p ^ 2 + delta * q ^ 2) :
  alpha / a * (-a) ^ 3 + beta / b * (-b) ^ 3 + gamma / p * p ^ 3 + delta / q * q ^ 3 = 0
'AFPBarrier.fourPointConnector_cubicMoment' depends on axioms: [propext, Classical.choice, Quot.sound]
AFPBarrier.fourPointConnector_weight_pos (flux length : ℝ) (hflux : 0 < flux) (hlength : 0 < length) : 0 < flux / length
'AFPBarrier.fourPointConnector_weight_pos' depends on axioms: [propext, Classical.choice, Quot.sound]
AFPBarrier.chordMass_outgoingConductance_bound.{u_2} {J : Type u_2} [Fintype J] [DecidableEq J] (gamma ell : J → ℝ)
  (ellMin n mu : ℝ) (hgamma : ∀ (j : J), 0 ≤ gamma j) (hell : ∀ (j : J), ellMin ≤ ell j)
  (hradial : ∑ j, gamma j * ell j = n * mu) : ellMin * ∑ j, gamma j ≤ n * mu
'AFPBarrier.chordMass_outgoingConductance_bound' depends on axioms: [propext, Classical.choice, Quot.sound]
AFPBarrier.chordMass_normalizedRate_bound.{u_2} {J : Type u_2} [Fintype J] [DecidableEq J] (gamma ell : J → ℝ)
  (ellMin n mu : ℝ) (hgamma : ∀ (j : J), 0 ≤ gamma j) (hellMin : 0 < ellMin) (hmu : 0 < mu)
  (hell : ∀ (j : J), ellMin ≤ ell j) (hradial : ∑ j, gamma j * ell j = n * mu) : (∑ j, gamma j) / mu ≤ n / ellMin
'AFPBarrier.chordMass_normalizedRate_bound' depends on axioms: [propext, Classical.choice, Quot.sound]
AFPBarrier.regularPolygon_hOne_scalar_recurrence (previous current next c : ℝ) (hc : 1 - c ≠ 0)
  (hrec : previous + next = 2 * c * current) : (previous - current + (next - current)) / (2 * (1 - c)) = -current
'AFPBarrier.regularPolygon_hOne_scalar_recurrence' depends on axioms: [propext, Classical.choice, Quot.sound]
AFPBarrier.regularPolygon_hTwo_scalar_residual (previous current next c : ℝ) (hc : 1 - c ≠ 0)
  (hrec : previous + next = 2 * (2 * c ^ 2 - 1) * current) :
  (previous - current + (next - current)) / (2 * (1 - c)) + 4 * current = 2 * (1 - c) * current
'AFPBarrier.regularPolygon_hTwo_scalar_residual' depends on axioms: [propext, Classical.choice, Quot.sound]
AFPBarrier.regularPolygon_hTwo_scalar_eigenvalue (previous current next c : ℝ) (hc : 1 - c ≠ 0)
  (hrec : previous + next = 2 * (2 * c ^ 2 - 1) * current) :
  (previous - current + (next - current)) / (2 * (1 - c)) = -2 * (1 + c) * current
'AFPBarrier.regularPolygon_hTwo_scalar_eigenvalue' depends on axioms: [propext, Classical.choice, Quot.sound]
AFPBarrier.weightedFrobeniusRowSynthesis_adjoint.{u_1, u_2} {I : Type u_1} {K : Type u_2} [Fintype I] [DecidableEq I]
  [Fintype K] [DecidableEq K] (w : I → ℝ) (rows : I → Matrix K K ℝ) (A : Matrix K K ℝ) (f : I → ℝ) :
  AFPBarrier.matrixFrobeniusPairing A (AFPBarrier.weightedFrobeniusRowSynthesis w rows f) =
    AFPBarrier.weightedSamplePairing w (AFPBarrier.frobeniusRowAnalysis rows A) f
'AFPBarrier.weightedFrobeniusRowSynthesis_adjoint' depends on axioms: [propext, Classical.choice, Quot.sound]
AFPBarrier.weightedFrobeniusRowGram_pairing.{u_1, u_2} {I : Type u_1} {K : Type u_2} [Fintype I] [DecidableEq I]
  [Fintype K] [DecidableEq K] (w : I → ℝ) (rows : I → Matrix K K ℝ) (A H : Matrix K K ℝ) :
  AFPBarrier.matrixFrobeniusPairing H (AFPBarrier.weightedFrobeniusRowGram w rows A) =
    ∑ i, w i * AFPBarrier.matrixFrobeniusPairing H (rows i) * AFPBarrier.matrixFrobeniusPairing A (rows i)
'AFPBarrier.weightedFrobeniusRowGram_pairing' depends on axioms: [propext, Classical.choice, Quot.sound]
AFPBarrier.weightedFrobeniusRowGram_quadratic.{u_1, u_2} {I : Type u_1} {K : Type u_2} [Fintype I] [DecidableEq I]
  [Fintype K] [DecidableEq K] (w : I → ℝ) (rows : I → Matrix K K ℝ) (A : Matrix K K ℝ) :
  AFPBarrier.matrixFrobeniusPairing A (AFPBarrier.weightedFrobeniusRowGram w rows A) =
    ∑ i, w i * AFPBarrier.matrixFrobeniusPairing A (rows i) ^ 2
'AFPBarrier.weightedFrobeniusRowGram_quadratic' depends on axioms: [propext, Classical.choice, Quot.sound]
AFPBarrier.sphereSamplingLinear_eq_frobeniusRowAnalysis.{u_1, u_2} {I : Type u_1} {K : Type u_2} [Fintype I]
  [DecidableEq I] [Fintype K] [DecidableEq K] (x : I → K → ℝ) (A : ↥(AFPBarrier.symmetricTraceFreeMatrices K)) (i : I) :
  (AFPBarrier.sphereSamplingLinear x) A i =
    AFPBarrier.matrixFrobeniusPairing (↑A) (AFPBarrier.sphereSamplingRowMatrix x i)
'AFPBarrier.sphereSamplingLinear_eq_frobeniusRowAnalysis' depends on axioms: [propext, Classical.choice, Quot.sound]
AFPBarrier.sphereSamplingWeightedGram_pairing.{u_1, u_2} {I : Type u_1} {K : Type u_2} [Fintype I] [DecidableEq I]
  [Fintype K] [DecidableEq K] (w : I → ℝ) (x : I → K → ℝ) (A H : ↥(AFPBarrier.symmetricTraceFreeMatrices K)) :
  AFPBarrier.matrixFrobeniusPairing (↑H) (AFPBarrier.sphereSamplingWeightedGram w x A) =
    ∑ i, w i * (AFPBarrier.sphereSamplingLinear x) H i * (AFPBarrier.sphereSamplingLinear x) A i
'AFPBarrier.sphereSamplingWeightedGram_pairing' depends on axioms: [propext, Classical.choice, Quot.sound]
AFPBarrier.sphereSamplingWeightedGram_quadratic.{u_1, u_2} {I : Type u_1} {K : Type u_2} [Fintype I] [DecidableEq I]
  [Fintype K] [DecidableEq K] (w : I → ℝ) (x : I → K → ℝ) (A : ↥(AFPBarrier.symmetricTraceFreeMatrices K)) :
  AFPBarrier.matrixFrobeniusPairing (↑A) (AFPBarrier.sphereSamplingWeightedGram w x A) =
    ∑ i, w i * (AFPBarrier.sphereSamplingLinear x) A i ^ 2
'AFPBarrier.sphereSamplingWeightedGram_quadratic' depends on axioms: [propext, Classical.choice, Quot.sound]
AFPBarrier.sphereResidualWeightedGram_pairing.{u_1, u_2} {I : Type u_1} {K : Type u_2} [Fintype I] [DecidableEq I]
  [Fintype K] [DecidableEq K] (w : I → ℝ) (a : I → I → ℝ) (x : I → K → ℝ)
  (hx : ∀ (p : K) (i : I), AFPBarrier.jumpGenerator a (fun j => x j p) i = -(↑(Fintype.card K) - 1) * x i p)
  (A H : ↥(AFPBarrier.symmetricTraceFreeMatrices K)) :
  AFPBarrier.matrixFrobeniusPairing (↑H) (AFPBarrier.sphereResidualWeightedGram w a x A) =
    ∑ i, w i * (AFPBarrier.sphereResidualLinear a x) H i * (AFPBarrier.sphereResidualLinear a x) A i
'AFPBarrier.sphereResidualWeightedGram_pairing' depends on axioms: [propext, Classical.choice, Quot.sound]
AFPBarrier.sphereResidualWeightedGram_quadratic.{u_1, u_2} {I : Type u_1} {K : Type u_2} [Fintype I] [DecidableEq I]
  [Fintype K] [DecidableEq K] (w : I → ℝ) (a : I → I → ℝ) (x : I → K → ℝ)
  (hx : ∀ (p : K) (i : I), AFPBarrier.jumpGenerator a (fun j => x j p) i = -(↑(Fintype.card K) - 1) * x i p)
  (A : ↥(AFPBarrier.symmetricTraceFreeMatrices K)) :
  AFPBarrier.matrixFrobeniusPairing (↑A) (AFPBarrier.sphereResidualWeightedGram w a x A) =
    ∑ i, w i * (AFPBarrier.sphereResidualLinear a x) A i ^ 2
'AFPBarrier.sphereResidualWeightedGram_quadratic' depends on axioms: [propext, Classical.choice, Quot.sound]
AFPBarrier.frobeniusRowRemainder_pairing.{u_2} {K : Type u_2} [Fintype K] [DecidableEq K] (M Z : Matrix K K ℝ) (c : ℝ) :
  AFPBarrier.matrixFrobeniusPairing (AFPBarrier.frobeniusRowRemainder M Z c) Z =
    AFPBarrier.matrixFrobeniusPairing M Z - c * AFPBarrier.matrixFrobeniusPairing Z Z
'AFPBarrier.frobeniusRowRemainder_pairing' depends on axioms: [propext, Classical.choice, Quot.sound]
AFPBarrier.matrixFrobeniusNormSq_rowRemainder.{u_2} {K : Type u_2} [Fintype K] [DecidableEq K] (M Z : Matrix K K ℝ)
  (c : ℝ) :
  AFPBarrier.matrixFrobeniusNormSq (AFPBarrier.frobeniusRowRemainder M Z c) =
    AFPBarrier.matrixFrobeniusNormSq M - 2 * c * AFPBarrier.matrixFrobeniusPairing M Z +
      c ^ 2 * AFPBarrier.matrixFrobeniusNormSq Z
'AFPBarrier.matrixFrobeniusNormSq_rowRemainder' depends on axioms: [propext, Classical.choice, Quot.sound]
AFPBarrier.quadraticTwoDefectRemainder_orthogonal.{u_2} {K : Type u_2} [Fintype K] [DecidableEq K] (d epsilon : ℝ)
  (M Z : Matrix K K ℝ) (hd0 : d ≠ 0) (hd1 : d ≠ 1) (hMZ : AFPBarrier.matrixFrobeniusPairing M Z = epsilon)
  (hZZ : AFPBarrier.matrixFrobeniusPairing Z Z = (d - 1) / d) :
  AFPBarrier.matrixFrobeniusPairing (AFPBarrier.quadraticTwoDefectRemainder d epsilon M Z) Z = 0
'AFPBarrier.quadraticTwoDefectRemainder_orthogonal' depends on axioms: [propext, Classical.choice, Quot.sound]
AFPBarrier.quadraticTwoDefect_pythagorean.{u_2} {K : Type u_2} [Fintype K] [DecidableEq K] (d epsilon : ℝ)
  (M Z : Matrix K K ℝ) (hd0 : d ≠ 0) (hd1 : d ≠ 1) (hMZ : AFPBarrier.matrixFrobeniusPairing M Z = epsilon)
  (hZZ : AFPBarrier.matrixFrobeniusNormSq Z = (d - 1) / d) :
  AFPBarrier.matrixFrobeniusNormSq M =
    d / (d - 1) * epsilon ^ 2 + AFPBarrier.matrixFrobeniusNormSq (AFPBarrier.quadraticTwoDefectRemainder d epsilon M Z)
'AFPBarrier.quadraticTwoDefect_pythagorean' depends on axioms: [propext, Classical.choice, Quot.sound]
AFPBarrier.exactLossSecondMoment_decomposition.{u_1} {I : Type u_1} [Fintype I] [DecidableEq I] (a ell : I → I → ℝ)
  (i : I) (lam : ℝ) (hrate : AFPBarrier.jumpRate a i ≠ 0)
  (hmoment : ∑ j ∈ AFPBarrier.offdiag i, a i j * ell i j = lam) :
  ∑ j ∈ AFPBarrier.offdiag i, a i j * ell i j ^ 2 =
    lam ^ 2 / AFPBarrier.jumpRate a i +
      ∑ j ∈ AFPBarrier.offdiag i, a i j * (ell i j - lam / AFPBarrier.jumpRate a i) ^ 2
'AFPBarrier.exactLossSecondMoment_decomposition' depends on axioms: [propext, Classical.choice, Quot.sound]
AFPBarrier.coordinateRowAnalysis_coordinateUnit.{u_1, u_2} {I : Type u_1} {J : Type u_2} [Fintype I] [DecidableEq I]
  [Fintype J] [DecidableEq J] (rows : I → J → ℝ) (i : I) (j : J) :
  AFPBarrier.coordinateRowAnalysis rows (AFPBarrier.coordinateUnit j) i = rows i j
'AFPBarrier.coordinateRowAnalysis_coordinateUnit' depends on axioms: [propext, Classical.choice, Quot.sound]
AFPBarrier.weightedCoordinateTrace_le_of_energy_domination.{u_1, u_2} {I : Type u_1} {J : Type u_2} [Fintype I]
  [DecidableEq I] [Fintype J] [DecidableEq J] (w : I → ℝ) (sampleRows residualRows : I → J → ℝ) (Dsq : ℝ)
  (hdom :
    ∀ (x : J → ℝ),
      AFPBarrier.weightedCoordinateEnergy w residualRows x ≤ Dsq * AFPBarrier.weightedCoordinateEnergy w sampleRows x) :
  AFPBarrier.weightedCoordinateTrace w residualRows ≤ Dsq * AFPBarrier.weightedCoordinateTrace w sampleRows
'AFPBarrier.weightedCoordinateTrace_le_of_energy_domination' depends on axioms: [propext, Classical.choice, Quot.sound]
AFPBarrier.quadraticDefect_twoDefect_lower_sq (d Dsq Eepsilon EB : ℝ) (hd : 1 < d)
  (htrace : d / (d - 1) * Eepsilon + EB ≤ Dsq * ((d - 1) / d)) : d ^ 2 / (d - 1) ^ 2 * Eepsilon + d / (d - 1) * EB ≤ Dsq
'AFPBarrier.quadraticDefect_twoDefect_lower_sq' depends on axioms: [propext, Classical.choice, Quot.sound]
AFPBarrier.quadraticDefect_rate_product_lower (d D rms rmax : ℝ) (hd : 1 < d) (hrmax : 0 < rmax)
  (hradial : d / (d - 1) * rms ≤ D) (hrms : (d - 1) ^ 2 / rmax ≤ rms) : d * (d - 1) ≤ D * rmax
'AFPBarrier.quadraticDefect_rate_product_lower' depends on axioms: [propext, Classical.choice, Quot.sound]
AFPBarrier.sTwo_quadraticDefect_rate_product_lower (D rms rmax : ℝ) (hrmax : 0 < rmax) (hradial : 3 / 2 * rms ≤ D)
  (hrms : 4 / rmax ≤ rms) : 6 ≤ D * rmax
'AFPBarrier.sTwo_quadraticDefect_rate_product_lower' depends on axioms: [propext, Classical.choice, Quot.sound]
AFPBarrier.quadraticStability_slack_identity (delta : ℝ) : (1 + delta) ^ 2 - 1 = 2 * delta + delta ^ 2
'AFPBarrier.quadraticStability_slack_identity' depends on axioms: [propext, Classical.choice, Quot.sound]
AFPBarrier.quadraticStability_total_sq_budget.{u_1} {I : Type u_1} [Fintype I] [DecidableEq I] (w q : I → ℝ)
  (beta EB eta : ℝ) (hw : ∀ (i : I), 0 ≤ w i) (hq : ∀ (i : I), 0 ≤ q i) (hbeta : 0 ≤ beta) (hEB : 0 ≤ EB)
  (hmaster : ∑ i, w i * (2 * q i + q i ^ 2) + beta * EB ≤ eta) : ∑ i, w i * q i ^ 2 ≤ eta
'AFPBarrier.quadraticStability_total_sq_budget' depends on axioms: [propext, Classical.choice, Quot.sound]
AFPBarrier.quadraticStability_total_linear_budget.{u_1} {I : Type u_1} [Fintype I] [DecidableEq I] (w q : I → ℝ)
  (beta EB eta : ℝ) (hw : ∀ (i : I), 0 ≤ w i) (hq : ∀ (i : I), 0 ≤ q i) (hbeta : 0 ≤ beta) (hEB : 0 ≤ EB)
  (hmaster : ∑ i, w i * (2 * q i + q i ^ 2) + beta * EB ≤ eta) : 2 * ∑ i, w i * q i ≤ eta
'AFPBarrier.quadraticStability_total_linear_budget' depends on axioms: [propext, Classical.choice, Quot.sound]
AFPBarrier.quadraticStability_component_sq_budget.{u_1} {I : Type u_1} [Fintype I] [DecidableEq I] (w q s v : I → ℝ)
  (eta : ℝ) (hw : ∀ (i : I), 0 ≤ w i) (hs : ∀ (i : I), 0 ≤ s i) (hv : ∀ (i : I), 0 ≤ v i)
  (hsplit : ∀ (i : I), q i = s i + v i) (hqSq : ∑ i, w i * q i ^ 2 ≤ eta) :
  ∑ i, w i * s i ^ 2 ≤ eta ∧ ∑ i, w i * v i ^ 2 ≤ eta
'AFPBarrier.quadraticStability_component_sq_budget' depends on axioms: [propext, Classical.choice, Quot.sound]
AFPBarrier.quadraticStability_pointwise_sq_budget.{u_1} {I : Type u_1} [Fintype I] [DecidableEq I] (w q : I → ℝ)
  (eta : ℝ) (i : I) (hw : ∀ (j : I), 0 ≤ w j) (hwi : 0 < w i) (hbudget : ∑ j, w j * q j ^ 2 ≤ eta) : q i ^ 2 ≤ eta / w i
'AFPBarrier.quadraticStability_pointwise_sq_budget' depends on axioms: [propext, Classical.choice, Quot.sound]
AFPBarrier.quadraticStability_pointwise_sq_budget_of_wmin.{u_1} {I : Type u_1} [Fintype I] [DecidableEq I] (w q : I → ℝ)
  (eta wmin : ℝ) (hwmin : 0 < wmin) (hw : ∀ (i : I), wmin ≤ w i) (hbudget : ∑ i, w i * q i ^ 2 ≤ eta) (i : I) :
  q i ^ 2 ≤ eta / wmin
'AFPBarrier.quadraticStability_pointwise_sq_budget_of_wmin' depends on axioms: [propext, Classical.choice, Quot.sound]
AFPBarrier.quadraticStability_badVertexMass.{u_1} {I : Type u_1} [Fintype I] [DecidableEq I] (w q : I → ℝ) (eta t : ℝ)
  (hw : ∀ (i : I), 0 ≤ w i) (ht : 0 ≤ t) (hbudget : ∑ i, w i * q i ^ 2 ≤ eta) :
  (t ^ 2 * ∑ i, if t ≤ q i then w i else 0) ≤ eta
'AFPBarrier.quadraticStability_badVertexMass' depends on axioms: [propext, Classical.choice, Quot.sound]
AFPBarrier.quadraticStability_badVertexMass_sharp.{u_1} {I : Type u_1} [Fintype I] [DecidableEq I] (w q : I → ℝ)
  (eta t : ℝ) (hw : ∀ (i : I), 0 ≤ w i) (hq : ∀ (i : I), 0 ≤ q i) (ht : 0 ≤ t)
  (hbudget : ∑ i, w i * (2 * q i + q i ^ 2) ≤ eta) : (t * (2 + t) * ∑ i, if t ≤ q i then w i else 0) ≤ eta
'AFPBarrier.quadraticStability_badVertexMass_sharp' depends on axioms: [propext, Classical.choice, Quot.sound]
AFPBarrier.quadraticStability_pointwise_full_budget.{u_1} {I : Type u_1} [Fintype I] [DecidableEq I] (w q : I → ℝ)
  (eta : ℝ) (i : I) (hw : ∀ (j : I), 0 ≤ w j) (hwi : 0 < w i) (hq : ∀ (j : I), 0 ≤ q j)
  (hbudget : ∑ j, w j * (2 * q j + q j ^ 2) ≤ eta) : 2 * q i + q i ^ 2 ≤ eta / w i
'AFPBarrier.quadraticStability_pointwise_full_budget' depends on axioms: [propext, Classical.choice, Quot.sound]
AFPBarrier.quadraticStability_tensor_budget.{u_1} {I : Type u_1} [Fintype I] [DecidableEq I] (w q : I → ℝ)
  (d a0 EB eta : ℝ) (hd : 1 < d) (ha0 : 0 < a0) (hw : ∀ (i : I), 0 ≤ w i) (hq : ∀ (i : I), 0 ≤ q i) (hEB : 0 ≤ EB)
  (hmaster : ∑ i, w i * (2 * q i + q i ^ 2) + (d - 1) / (d * a0 ^ 2) * EB ≤ eta) : EB ≤ d * a0 ^ 2 / (d - 1) * eta
'AFPBarrier.quadraticStability_tensor_budget' depends on axioms: [propext, Classical.choice, Quot.sound]
AFPBarrier.quadraticStability_tensor_rate_bound.{u_1} {I : Type u_1} [Fintype I] [DecidableEq I] (w q : I → ℝ)
  (d rmax EB eta : ℝ) (hd : 1 < d) (hrmax : 0 < rmax) (hw : ∀ (i : I), 0 ≤ w i) (hq : ∀ (i : I), 0 ≤ q i) (hEB : 0 ≤ EB)
  (hmaster : ∑ i, w i * (2 * q i + q i ^ 2) + (d - 1) / (d * ((d - 1) ^ 2 / rmax) ^ 2) * EB ≤ eta) :
  EB ≤ d * (d - 1) ^ 3 / rmax ^ 2 * eta
'AFPBarrier.quadraticStability_tensor_rate_bound' depends on axioms: [propext, Classical.choice, Quot.sound]
AFPBarrier.quadraticStability_scaledVariance_sq_budget.{u_1} {I : Type u_1} [Fintype I] [DecidableEq I] (w v V : I → ℝ)
  (a0 eta : ℝ) (hw : ∀ (i : I), 0 ≤ w i) (hscale : ∀ (i : I), V i = a0 * v i) (hbudget : ∑ i, w i * v i ^ 2 ≤ eta) :
  ∑ i, w i * V i ^ 2 ≤ a0 ^ 2 * eta
'AFPBarrier.quadraticStability_scaledVariance_sq_budget' depends on axioms: [propext, Classical.choice, Quot.sound]
AFPBarrier.quadraticStability_master_square_consequences.{u_1} {I : Type u_1} [Fintype I] [DecidableEq I]
  (w q s v : I → ℝ) (beta EB delta : ℝ) (hw : ∀ (i : I), 0 ≤ w i) (hq : ∀ (i : I), 0 ≤ q i) (hs : ∀ (i : I), 0 ≤ s i)
  (hv : ∀ (i : I), 0 ≤ v i) (hsplit : ∀ (i : I), q i = s i + v i) (hbeta : 0 ≤ beta) (hEB : 0 ≤ EB)
  (hmaster : ∑ i, w i * (2 * q i + q i ^ 2) + beta * EB ≤ 2 * delta + delta ^ 2) :
  ∑ i, w i * q i ^ 2 ≤ 2 * delta + delta ^ 2 ∧
    ∑ i, w i * s i ^ 2 ≤ 2 * delta + delta ^ 2 ∧ ∑ i, w i * v i ^ 2 ≤ 2 * delta + delta ^ 2
'AFPBarrier.quadraticStability_master_square_consequences' depends on axioms: [propext, Classical.choice, Quot.sound]
AFPBarrier.quadraticStability_mean_le_delta (m delta : ℝ) (hm : 0 ≤ m) (hdelta : 0 ≤ delta)
  (hbudget : 2 * m + m ^ 2 ≤ 2 * delta + delta ^ 2) : m ≤ delta
'AFPBarrier.quadraticStability_mean_le_delta' depends on axioms: [propext, Classical.choice, Quot.sound]
AFPBarrier.quadraticStability_weightedMean_le_delta.{u_1} {I : Type u_1} [Fintype I] [DecidableEq I] (w q : I → ℝ)
  (beta EB delta : ℝ) (hw : ∀ (i : I), 0 ≤ w i) (hsum : ∑ i, w i = 1) (hq : ∀ (i : I), 0 ≤ q i) (hbeta : 0 ≤ beta)
  (hEB : 0 ≤ EB) (hdelta : 0 ≤ delta) (hmaster : ∑ i, w i * (2 * q i + q i ^ 2) + beta * EB ≤ 2 * delta + delta ^ 2) :
  ∑ i, w i * q i ≤ delta
'AFPBarrier.quadraticStability_weightedMean_le_delta' depends on axioms: [propext, Classical.choice, Quot.sound]
AFPBarrier.sampledResidual_factorization.{u_1, u_2} {ι : Type u_1} {σ : Type u_2} [Fintype ι] (T : (ι → ℝ) → ι → ℝ)
  (mu : ℝ) (S : σ → ι → ℝ) (A : σ) : AFPBarrier.sampledResidual T mu S A = fun i => T (S A) i + mu * S A i
'AFPBarrier.sampledResidual_factorization' depends on axioms: [propext, Classical.choice, Quot.sound]
AFPBarrier.samplingKernel_subset_formExact.{u_1, u_2} {ι : Type u_1} {σ : Type u_2} [Fintype ι] (T : (ι → ℝ) → ι → ℝ)
  (mu : ℝ) (hT0 : (T fun x => 0) = fun x => 0) (S : σ → ι → ℝ) (A : σ) (hA : AFPBarrier.inSamplingKernel S A) :
  AFPBarrier.formExact T mu S A
'AFPBarrier.samplingKernel_subset_formExact' depends on axioms: [propext, Classical.choice, Quot.sound]
AFPBarrier.sampledExact_iff_range_inter_targetKernel.{u_1, u_2} {ι : Type u_1} {σ : Type u_2} [Fintype ι]
  (T : (ι → ℝ) → ι → ℝ) (mu : ℝ) (S : σ → ι → ℝ) (f : ι → ℝ) :
  AFPBarrier.sampledExact T mu S f ↔ (∃ A, S A = f) ∧ ∀ (i : ι), T f i + mu * f i = 0
'AFPBarrier.sampledExact_iff_range_inter_targetKernel' depends on axioms: [propext, Classical.choice, Quot.sound]
AFPBarrier.linear_samplingKernel_le_residualKernel.{u_3, u_4} {V : Type u_3} {W : Type u_4} [AddCommGroup V]
  [Module ℝ V] [AddCommGroup W] [Module ℝ W] (T : W →ₗ[ℝ] W) (mu : ℝ) (S : V →ₗ[ℝ] W) :
  S.ker ≤ (AFPBarrier.linearSampledResidual T mu S).ker
'AFPBarrier.linear_samplingKernel_le_residualKernel' depends on axioms: [propext, Classical.choice, Quot.sound]
AFPBarrier.linearSampledResidual_finrank_le_sampling.{u_3, u_4} {V : Type u_3} {W : Type u_4} [AddCommGroup V]
  [Module ℝ V] [AddCommGroup W] [Module ℝ W] [FiniteDimensional ℝ V] [FiniteDimensional ℝ W] (T : W →ₗ[ℝ] W) (mu : ℝ)
  (S : V →ₗ[ℝ] W) : Module.finrank ℝ ↥(AFPBarrier.linearSampledResidual T mu S).range ≤ Module.finrank ℝ ↥S.range
'AFPBarrier.linearSampledResidual_finrank_le_sampling' depends on axioms: [propext, Classical.choice, Quot.sound]
AFPBarrier.linearSampledExactRange_eq_range_inf_targetKernel.{u_3, u_4} {V : Type u_3} {W : Type u_4} [AddCommGroup V]
  [Module ℝ V] [AddCommGroup W] [Module ℝ W] (T : W →ₗ[ℝ] W) (mu : ℝ) (S : V →ₗ[ℝ] W) :
  AFPBarrier.linearSampledExactRange T mu S = S.range ⊓ (T + mu • LinearMap.id).ker
'AFPBarrier.linearSampledExactRange_eq_range_inf_targetKernel' depends on axioms: [propext,
 Classical.choice,
 Quot.sound]
AFPBarrier.linearSampledExactRange_finrank_add_samplingKernel.{u_3, u_4} {V : Type u_3} {W : Type u_4} [AddCommGroup V]
  [Module ℝ V] [AddCommGroup W] [Module ℝ W] [FiniteDimensional ℝ V] (T : W →ₗ[ℝ] W) (mu : ℝ) (S : V →ₗ[ℝ] W) :
  Module.finrank ℝ ↥(AFPBarrier.linearSampledExactRange T mu S) + Module.finrank ℝ ↥S.ker =
    Module.finrank ℝ ↥(AFPBarrier.linearSampledResidual T mu S).ker
'AFPBarrier.linearSampledExactRange_finrank_add_samplingKernel' depends on axioms: [propext,
 Classical.choice,
 Quot.sound]
AFPBarrier.linearSampledExactRange_finrank_eq_formExact_sub_samplingKernel.{u_3, u_4} {V : Type u_3} {W : Type u_4}
  [AddCommGroup V] [Module ℝ V] [AddCommGroup W] [Module ℝ W] [FiniteDimensional ℝ V] (T : W →ₗ[ℝ] W) (mu : ℝ)
  (S : V →ₗ[ℝ] W) :
  Module.finrank ℝ ↥(AFPBarrier.linearSampledExactRange T mu S) =
    Module.finrank ℝ ↥(AFPBarrier.linearSampledResidual T mu S).ker - Module.finrank ℝ ↥S.ker
'AFPBarrier.linearSampledExactRange_finrank_eq_formExact_sub_samplingKernel' depends on axioms: [propext,
 Classical.choice,
 Quot.sound]
AFPBarrier.linearSampledExactRange_finrank_eq_samplingRank_sub_residualRank.{u_3, u_4} {V : Type u_3} {W : Type u_4}
  [AddCommGroup V] [Module ℝ V] [AddCommGroup W] [Module ℝ W] [FiniteDimensional ℝ V] (T : W →ₗ[ℝ] W) (mu : ℝ)
  (S : V →ₗ[ℝ] W) :
  Module.finrank ℝ ↥(AFPBarrier.linearSampledExactRange T mu S) =
    Module.finrank ℝ ↥S.range - Module.finrank ℝ ↥(AFPBarrier.linearSampledResidual T mu S).range
'AFPBarrier.linearSampledExactRange_finrank_eq_samplingRank_sub_residualRank' depends on axioms: [propext,
 Classical.choice,
 Quot.sound]
AFPBarrier.matrixFrobeniusPairing_eq_trace_mul_of_isSymm_right.{u_2} {K : Type u_2} [Fintype K] [DecidableEq K]
  (A B : Matrix K K ℝ) (hB : B.IsSymm) : AFPBarrier.matrixFrobeniusPairing A B = (A * B).trace
'AFPBarrier.matrixFrobeniusPairing_eq_trace_mul_of_isSymm_right' depends on axioms: [propext,
 Classical.choice,
 Quot.sound]
AFPBarrier.matrixFrobeniusPairing_traceFreeProjection.{u_2} {K : Type u_2} [Fintype K] [DecidableEq K]
  (A B : Matrix K K ℝ) (htrace : A.trace = 0) :
  AFPBarrier.matrixFrobeniusPairing A (AFPBarrier.traceFreeProjection B) = AFPBarrier.matrixFrobeniusPairing A B
'AFPBarrier.matrixFrobeniusPairing_traceFreeProjection' depends on axioms: [propext, Classical.choice, Quot.sound]
AFPBarrier.trace_sphereResidualMatrix_eq_zero.{u_1, u_2} {I : Type u_1} {K : Type u_2} [Fintype I] [DecidableEq I]
  [Fintype K] [DecidableEq K] [Nonempty K] (a : I → I → ℝ) (x : I → K → ℝ) (i : I) :
  (AFPBarrier.sphereResidualMatrix a x i).trace = 0
'AFPBarrier.trace_sphereResidualMatrix_eq_zero' depends on axioms: [propext, Classical.choice, Quot.sound]
AFPBarrier.sphereResidualMatrix_isSymm.{u_1, u_2} {I : Type u_1} {K : Type u_2} [Fintype I] [DecidableEq I] [Fintype K]
  [DecidableEq K] (a : I → I → ℝ) (x : I → K → ℝ) (i : I) : (AFPBarrier.sphereResidualMatrix a x i).IsSymm
'AFPBarrier.sphereResidualMatrix_isSymm' depends on axioms: [propext, Classical.choice, Quot.sound]
AFPBarrier.sphereCovarianceAddOuter_isSymm.{u_1, u_2} {I : Type u_1} {K : Type u_2} [Fintype I] [DecidableEq I]
  [Fintype K] [DecidableEq K] (a : I → I → ℝ) (x : I → K → ℝ) (i : I) :
  (AFPBarrier.jumpCovarianceMatrix a x i + 2 • Matrix.vecMulVec (x i) (x i)).IsSymm
'AFPBarrier.sphereCovarianceAddOuter_isSymm' depends on axioms: [propext, Classical.choice, Quot.sound]
AFPBarrier.matrixFrobeniusPairing_covariance_add_outer.{u_1, u_2} {I : Type u_1} {K : Type u_2} [Fintype I]
  [DecidableEq I] [Fintype K] [DecidableEq K] (a : I → I → ℝ) (x : I → K → ℝ) (A : Matrix K K ℝ) (i : I) :
  AFPBarrier.matrixFrobeniusPairing A (AFPBarrier.jumpCovarianceMatrix a x i + 2 • Matrix.vecMulVec (x i) (x i)) =
    AFPBarrier.quadraticCovariancePairing a A x i + 2 * AFPBarrier.sampledQuadratic A x i
'AFPBarrier.matrixFrobeniusPairing_covariance_add_outer' depends on axioms: [propext, Classical.choice, Quot.sound]
AFPBarrier.sphereResidual_factorization.{u_1, u_2} {I : Type u_1} {K : Type u_2} [Fintype I] [DecidableEq I] [Fintype K]
  [DecidableEq K] (a : I → I → ℝ) (x : I → K → ℝ)
  (hx : ∀ (p : K) (i : I), AFPBarrier.jumpGenerator a (fun j => x j p) i = -(↑(Fintype.card K) - 1) * x i p)
  (A : ↥(AFPBarrier.symmetricTraceFreeMatrices K)) (i : I) :
  (AFPBarrier.sphereResidualLinear a x) A i =
    AFPBarrier.matrixFrobeniusPairing (↑A) (AFPBarrier.sphereResidualMatrix a x i)
'AFPBarrier.sphereResidual_factorization' depends on axioms: [propext, Classical.choice, Quot.sound]
AFPBarrier.matrixFrobeniusPairing_sphereResidualMatrix_eq_trace.{u_1, u_2} {I : Type u_1} {K : Type u_2} [Fintype I]
  [DecidableEq I] [Fintype K] [DecidableEq K] (a : I → I → ℝ) (x : I → K → ℝ)
  (A : ↥(AFPBarrier.symmetricTraceFreeMatrices K)) (i : I) :
  AFPBarrier.matrixFrobeniusPairing (↑A) (AFPBarrier.sphereResidualMatrix a x i) =
    (↑A * (AFPBarrier.jumpCovarianceMatrix a x i + 2 • Matrix.vecMulVec (x i) (x i))).trace
'AFPBarrier.matrixFrobeniusPairing_sphereResidualMatrix_eq_trace' depends on axioms: [propext,
 Classical.choice,
 Quot.sound]
AFPBarrier.sphereResidual_factorization_trace.{u_1, u_2} {I : Type u_1} {K : Type u_2} [Fintype I] [DecidableEq I]
  [Fintype K] [DecidableEq K] (a : I → I → ℝ) (x : I → K → ℝ)
  (hx : ∀ (p : K) (i : I), AFPBarrier.jumpGenerator a (fun j => x j p) i = -(↑(Fintype.card K) - 1) * x i p)
  (A : ↥(AFPBarrier.symmetricTraceFreeMatrices K)) (i : I) :
  (AFPBarrier.sphereResidualLinear a x) A i =
    (↑A * (AFPBarrier.jumpCovarianceMatrix a x i + 2 • Matrix.vecMulVec (x i) (x i))).trace
'AFPBarrier.sphereResidual_factorization_trace' depends on axioms: [propext, Classical.choice, Quot.sound]
AFPBarrier.sphereFormExact_eq_residualOrthogonal.{u_1, u_2} {I : Type u_1} {K : Type u_2} [Fintype I] [DecidableEq I]
  [Fintype K] [DecidableEq K] (a : I → I → ℝ) (x : I → K → ℝ)
  (hx : ∀ (p : K) (i : I), AFPBarrier.jumpGenerator a (fun j => x j p) i = -(↑(Fintype.card K) - 1) * x i p) :
  (AFPBarrier.sphereResidualLinear a x).ker = AFPBarrier.sphereResidualOrthogonal a x
'AFPBarrier.sphereFormExact_eq_residualOrthogonal' depends on axioms: [propext, Classical.choice, Quot.sound]
AFPBarrier.sphereSamplingKernel_le_formExact.{u_1, u_2} {I : Type u_1} {K : Type u_2} [Fintype I] [DecidableEq I]
  [Fintype K] [DecidableEq K] (a : I → I → ℝ) (x : I → K → ℝ) :
  (AFPBarrier.sphereSamplingLinear x).ker ≤ (AFPBarrier.sphereResidualLinear a x).ker
'AFPBarrier.sphereSamplingKernel_le_formExact' depends on axioms: [propext, Classical.choice, Quot.sound]
AFPBarrier.sphereSampledExact_eq_range_inf_targetKernel.{u_1, u_2} {I : Type u_1} {K : Type u_2} [Fintype I]
  [DecidableEq I] [Fintype K] [DecidableEq K] (a : I → I → ℝ) (x : I → K → ℝ) :
  AFPBarrier.linearSampledExactRange (AFPBarrier.jumpGeneratorLinear a) (2 * ↑(Fintype.card K))
      (AFPBarrier.sphereSamplingLinear x) =
    (AFPBarrier.sphereSamplingLinear x).range ⊓
      (AFPBarrier.jumpGeneratorLinear a + (2 * ↑(Fintype.card K)) • LinearMap.id).ker
'AFPBarrier.sphereSampledExact_eq_range_inf_targetKernel' depends on axioms: [propext, Classical.choice, Quot.sound]
AFPBarrier.sphereSampledExact_finrank_eq_form_sub_alias.{u_1, u_2} {I : Type u_1} {K : Type u_2} [Fintype I]
  [DecidableEq I] [Fintype K] [DecidableEq K] (a : I → I → ℝ) (x : I → K → ℝ) :
  Module.finrank ℝ
      ↥(AFPBarrier.linearSampledExactRange (AFPBarrier.jumpGeneratorLinear a) (2 * ↑(Fintype.card K))
          (AFPBarrier.sphereSamplingLinear x)) =
    Module.finrank ℝ ↥(AFPBarrier.sphereResidualLinear a x).ker -
      Module.finrank ℝ ↥(AFPBarrier.sphereSamplingLinear x).ker
'AFPBarrier.sphereSampledExact_finrank_eq_form_sub_alias' depends on axioms: [propext, Classical.choice, Quot.sound]
AFPBarrier.sphereSampledExact_finrank_eq_samplingRank_sub_residualRank.{u_1, u_2} {I : Type u_1} {K : Type u_2}
  [Fintype I] [DecidableEq I] [Fintype K] [DecidableEq K] (a : I → I → ℝ) (x : I → K → ℝ) :
  Module.finrank ℝ
      ↥(AFPBarrier.linearSampledExactRange (AFPBarrier.jumpGeneratorLinear a) (2 * ↑(Fintype.card K))
          (AFPBarrier.sphereSamplingLinear x)) =
    Module.finrank ℝ ↥(AFPBarrier.sphereSamplingLinear x).range -
      Module.finrank ℝ ↥(AFPBarrier.sphereResidualLinear a x).range
'AFPBarrier.sphereSampledExact_finrank_eq_samplingRank_sub_residualRank' depends on axioms: [propext,
 Classical.choice,
 Quot.sound]
AFPBarrier.peakDefect_eq_carreDuChamp.{u_1} {ι : Type u_1} [Fintype ι] [DecidableEq ι] (a : ι → ι → ℝ) (f : ι → ℝ)
  (i : ι) (lam : ℝ) (hfi : f i = 1) (hlinear : AFPBarrier.jumpGenerator a f i = -lam) :
  AFPBarrier.peakDefect a f i lam = AFPBarrier.carreDuChamp a f i
'AFPBarrier.peakDefect_eq_carreDuChamp' depends on axioms: [propext, Classical.choice, Quot.sound]
AFPBarrier.peakDefect_nonneg.{u_1} {ι : Type u_1} [Fintype ι] [DecidableEq ι] (a : ι → ι → ℝ) (f : ι → ℝ) (i : ι)
  (lam : ℝ) (ha : ∀ (j : ι), j ≠ i → 0 ≤ a i j) (hfi : f i = 1) (hlinear : AFPBarrier.jumpGenerator a f i = -lam) :
  0 ≤ AFPBarrier.peakDefect a f i lam
'AFPBarrier.peakDefect_nonneg' depends on axioms: [propext, Classical.choice, Quot.sound]
AFPBarrier.eigenvalue_sq_le_rate_mul_peakDefect.{u_1} {ι : Type u_1} [Fintype ι] [DecidableEq ι] (a : ι → ι → ℝ)
  (f : ι → ℝ) (i : ι) (lam : ℝ) (ha : ∀ (j : ι), j ≠ i → 0 ≤ a i j) (hfi : f i = 1)
  (hlinear : AFPBarrier.jumpGenerator a f i = -lam) :
  lam ^ 2 ≤ AFPBarrier.jumpRate a i * AFPBarrier.peakDefect a f i lam
'AFPBarrier.eigenvalue_sq_le_rate_mul_peakDefect' depends on axioms: [propext, Classical.choice, Quot.sound]
AFPBarrier.peakDefect_pos.{u_1} {ι : Type u_1} [Fintype ι] [DecidableEq ι] (a : ι → ι → ℝ) (f : ι → ℝ) (i : ι) (lam : ℝ)
  (ha : ∀ (j : ι), j ≠ i → 0 ≤ a i j) (hlam : lam ≠ 0) (hfi : f i = 1)
  (hlinear : AFPBarrier.jumpGenerator a f i = -lam) : 0 < AFPBarrier.peakDefect a f i lam
'AFPBarrier.peakDefect_pos' depends on axioms: [propext, Classical.choice, Quot.sound]
AFPBarrier.peakDefect_lower_bound.{u_1} {ι : Type u_1} [Fintype ι] [DecidableEq ι] (a : ι → ι → ℝ) (f : ι → ℝ) (i : ι)
  (lam : ℝ) (ha : ∀ (j : ι), j ≠ i → 0 ≤ a i j) (hfi : f i = 1) (hlinear : AFPBarrier.jumpGenerator a f i = -lam)
  (hrate : 0 < AFPBarrier.jumpRate a i) : lam ^ 2 / AFPBarrier.jumpRate a i ≤ AFPBarrier.peakDefect a f i lam
'AFPBarrier.peakDefect_lower_bound' depends on axioms: [propext, Classical.choice, Quot.sound]
AFPBarrier.uniformDependenceMixture_sum.{u_1} {ι : Type u_1} [Fintype ι] [Nonempty ι] (tau : ℝ) (lambda : ι → ℝ)
  (hlambdaSum : Finset.univ.sum lambda = 1) : Finset.univ.sum (AFPBarrier.uniformDependenceMixture tau lambda) = 1
'AFPBarrier.uniformDependenceMixture_sum' depends on axioms: [propext, Classical.choice, Quot.sound]
AFPBarrier.uniformDependenceMixture_lower.{u_1} {ι : Type u_1} [Fintype ι] [Nonempty ι] (tau : ℝ) (lambda : ι → ℝ)
  (htau : tau ≤ 1) (hlambda : ∀ (j : ι), 0 ≤ lambda j) (j : ι) :
  tau / ↑(Fintype.card ι) ≤ AFPBarrier.uniformDependenceMixture tau lambda j
'AFPBarrier.uniformDependenceMixture_lower' depends on axioms: [propext, Classical.choice, Quot.sound]
AFPBarrier.normalizedWeightedSum_bounds.{u_1} {ι : Type u_1} [Fintype ι] (beta f : ι → ℝ) (lower upper : ℝ)
  (hbeta : ∀ (j : ι), 0 ≤ beta j) (hbetaSum : Finset.univ.sum beta = 1) (hlower : ∀ (j : ι), lower ≤ f j)
  (hupper : ∀ (j : ι), f j ≤ upper) : lower ≤ ∑ j, beta j * f j ∧ ∑ j, beta j * f j ≤ upper
'AFPBarrier.normalizedWeightedSum_bounds' depends on axioms: [propext, Classical.choice, Quot.sound]
AFPBarrier.normalizedAngularScale_bounds.{u_1} {ι : Type u_1} [Fintype ι] (beta halfTan : ι → ℝ)
  (scaleLower scaleUpper : ℝ) (hbeta : ∀ (j : ι), 0 ≤ beta j) (hbetaSum : Finset.univ.sum beta = 1)
  (hlower : ∀ (j : ι), scaleLower ≤ halfTan j) (hupper : ∀ (j : ι), halfTan j ≤ scaleUpper) :
  scaleLower ≤ AFPBarrier.normalizedAngularScale beta halfTan ∧
    AFPBarrier.normalizedAngularScale beta halfTan ≤ scaleUpper
'AFPBarrier.normalizedAngularScale_bounds' depends on axioms: [propext, Classical.choice, Quot.sound]
AFPBarrier.exactLocalRowRate_sum_bounds.{u_1} {ι : Type u_1} [Fintype ι] (beta sinTheta halfTan : ι → ℝ)
  (invLower invUpper : ℝ) (hbeta : ∀ (j : ι), 0 ≤ beta j) (hbetaSum : Finset.univ.sum beta = 1)
  (hsin : ∀ (j : ι), 0 < sinTheta j) (hscale : 0 < AFPBarrier.normalizedAngularScale beta halfTan)
  (hlower : ∀ (j : ι), invLower ≤ 1 / sinTheta j) (hupper : ∀ (j : ι), 1 / sinTheta j ≤ invUpper) :
  2 / AFPBarrier.normalizedAngularScale beta halfTan * invLower ≤
      Finset.univ.sum (AFPBarrier.exactLocalRowRate beta sinTheta halfTan) ∧
    Finset.univ.sum (AFPBarrier.exactLocalRowRate beta sinTheta halfTan) ≤
      2 / AFPBarrier.normalizedAngularScale beta halfTan * invUpper
'AFPBarrier.exactLocalRowRate_sum_bounds' depends on axioms: [propext, Classical.choice, Quot.sound]
AFPBarrier.exactLocalRowRate_twoFactor_bounds.{u_1} {ι : Type u_1} [Fintype ι] (beta sinTheta halfTan : ι → ℝ)
  (scaleLower scaleUpper invLower invUpper : ℝ) (hbeta : ∀ (j : ι), 0 ≤ beta j) (hbetaSum : Finset.univ.sum beta = 1)
  (hsin : ∀ (j : ι), 0 < sinTheta j) (hscaleLower : 0 < scaleLower) (hscaleUpper : scaleLower ≤ scaleUpper)
  (hhalfLower : ∀ (j : ι), scaleLower ≤ halfTan j) (hhalfUpper : ∀ (j : ι), halfTan j ≤ scaleUpper)
  (hinvLower : 0 ≤ invLower) (hinvUpper : 0 ≤ invUpper) (hinvPointLower : ∀ (j : ι), invLower ≤ 1 / sinTheta j)
  (hinvPointUpper : ∀ (j : ι), 1 / sinTheta j ≤ invUpper) :
  2 / scaleUpper * invLower ≤ Finset.univ.sum (AFPBarrier.exactLocalRowRate beta sinTheta halfTan) ∧
    Finset.univ.sum (AFPBarrier.exactLocalRowRate beta sinTheta halfTan) ≤ 2 / scaleLower * invUpper
'AFPBarrier.exactLocalRowRate_twoFactor_bounds' depends on axioms: [propext, Classical.choice, Quot.sound]
AFPBarrier.abs_sub_one_le_of_sq_le_delta_sq (x delta : ℝ) (hdelta : 0 ≤ delta) (hsq : (x - 1) ^ 2 ≤ delta ^ 2) :
  |x - 1| ≤ delta
'AFPBarrier.abs_sub_one_le_of_sq_le_delta_sq' depends on axioms: [propext, Classical.choice, Quot.sound]
AFPBarrier.pointwise_delta_bound (p x kappa eta delta : ℝ) (hkappa : 0 < kappa) (hp : kappa ≤ p)
  (hterm : p * (x - 1) ^ 2 ≤ eta) (heta : eta = kappa * delta ^ 2) (hdelta : 0 ≤ delta) : |x - 1| ≤ delta
'AFPBarrier.pointwise_delta_bound' depends on axioms: [propext, Classical.choice, Quot.sound]
AFPBarrier.sphericalQ_pointwise_delta_bound.{u_1} {ι : Type u_1} [Fintype ι] [DecidableEq ι] (a loss : ι → ι → ℝ)
  (i j : ι) (kappa eta delta : ℝ) (ha : ∀ (k : ι), k ≠ i → 0 ≤ a i k) (hji : j ≠ i)
  (hrate : 0 < AFPBarrier.jumpRate a i) (hmoment : ∑ k ∈ AFPBarrier.offdiag i, a i k * loss i k = 2)
  (hkappa : 0 < kappa) (hp : kappa ≤ a i j / AFPBarrier.jumpRate a i)
  (hQupper : AFPBarrier.sphericalQAt a loss i ≤ 1 + eta) (heta : eta = kappa * delta ^ 2) (hdelta : 0 ≤ delta) :
  |AFPBarrier.jumpRate a i * loss i j / 2 - 1| ≤ delta
'AFPBarrier.sphericalQ_pointwise_delta_bound' depends on axioms: [propext, Classical.choice, Quot.sound]
AFPBarrier.normalized_scale_interval_of_abs (x delta : ℝ) (habs : |x - 1| ≤ delta) : 1 - delta ≤ x ∧ x ≤ 1 + delta
'AFPBarrier.normalized_scale_interval_of_abs' depends on axioms: [propext, Classical.choice, Quot.sound]
AFPBarrier.one_le_qDelta (delta : ℝ) (hdelta0 : 0 ≤ delta) (hdelta1 : delta < 1) : 1 ≤ AFPBarrier.qDelta delta
'AFPBarrier.one_le_qDelta' depends on axioms: [propext, Classical.choice, Quot.sound]
AFPBarrier.normalized_scale_qDelta_cross_bounds (x₁ x₂ delta : ℝ) (hdelta0 : 0 ≤ delta) (hdelta1 : delta < 1)
  (hx₁Lo : 1 - delta ≤ x₁) (hx₁Hi : x₁ ≤ 1 + delta) (hx₂Lo : 1 - delta ≤ x₂) (hx₂Hi : x₂ ≤ 1 + delta) :
  x₂ ≤ AFPBarrier.qDelta delta * x₁ ∧ x₁ ≤ AFPBarrier.qDelta delta * x₂
'AFPBarrier.normalized_scale_qDelta_cross_bounds' depends on axioms: [propext, Classical.choice, Quot.sound]
AFPBarrier.adjacent_rate_cross_bounds (r_i r_j x_ij x_ji delta : ℝ) (hri : 0 ≤ r_i) (hrj : 0 ≤ r_j)
  (hijLo : 1 - delta ≤ x_ij) (hijHi : x_ij ≤ 1 + delta) (hjiLo : 1 - delta ≤ x_ji) (hjiHi : x_ji ≤ 1 + delta)
  (hbalance : r_j * x_ij = r_i * x_ji) : (1 - delta) * r_j ≤ (1 + delta) * r_i ∧ (1 - delta) * r_i ≤ (1 + delta) * r_j
'AFPBarrier.adjacent_rate_cross_bounds' depends on axioms: [propext, Classical.choice, Quot.sound]
AFPBarrier.adjacent_rate_ratio_bounds (r_i r_j x_ij x_ji delta : ℝ) (hri : 0 < r_i) (hrj : 0 < r_j)
  (hdelta0 : 0 ≤ delta) (hdelta1 : delta < 1) (hijLo : 1 - delta ≤ x_ij) (hijHi : x_ij ≤ 1 + delta)
  (hjiLo : 1 - delta ≤ x_ji) (hjiHi : x_ji ≤ 1 + delta) (hbalance : r_j * x_ij = r_i * x_ji) :
  (1 - delta) / (1 + delta) ≤ r_i / r_j ∧ r_i / r_j ≤ (1 + delta) / (1 - delta)
'AFPBarrier.adjacent_rate_ratio_bounds' depends on axioms: [propext, Classical.choice, Quot.sound]
AFPBarrier.adjacent_rate_relative_error_bound (r_i r_j x_ij x_ji delta : ℝ) (hri : 0 < r_i) (hrj : 0 < r_j)
  (hdelta0 : 0 ≤ delta) (hdelta1 : delta < 1) (hijLo : 1 - delta ≤ x_ij) (hijHi : x_ij ≤ 1 + delta)
  (hjiLo : 1 - delta ≤ x_ji) (hjiHi : x_ji ≤ 1 + delta) (hbalance : r_j * x_ij = r_i * x_ji) :
  |r_i / r_j - 1| ≤ 2 * delta / (1 - delta)
'AFPBarrier.adjacent_rate_relative_error_bound' depends on axioms: [propext, Classical.choice, Quot.sound]
AFPBarrier.adjacent_rate_qDelta_cross_bounds (r_i r_j x_ij x_ji delta : ℝ) (hri : 0 < r_i) (hrj : 0 < r_j)
  (hdelta0 : 0 ≤ delta) (hdelta1 : delta < 1) (hijLo : 1 - delta ≤ x_ij) (hijHi : x_ij ≤ 1 + delta)
  (hjiLo : 1 - delta ≤ x_ji) (hjiHi : x_ji ≤ 1 + delta) (hbalance : r_j * x_ij = r_i * x_ji) :
  r_j ≤ AFPBarrier.qDelta delta * r_i ∧ r_i ≤ AFPBarrier.qDelta delta * r_j
'AFPBarrier.adjacent_rate_qDelta_cross_bounds' depends on axioms: [propext, Classical.choice, Quot.sound]
AFPBarrier.incident_loss_cross_bounds (ell₁ ell₂ x₁ x₂ rate delta : ℝ) (hrate : 0 < rate) (hdelta0 : 0 ≤ delta)
  (hdelta1 : delta < 1) (hbalance₁ : rate * ell₁ = 2 * x₁) (hbalance₂ : rate * ell₂ = 2 * x₂) (hx₁Lo : 1 - delta ≤ x₁)
  (hx₁Hi : x₁ ≤ 1 + delta) (hx₂Lo : 1 - delta ≤ x₂) (hx₂Hi : x₂ ≤ 1 + delta) :
  (1 - delta) * ell₂ ≤ (1 + delta) * ell₁ ∧ (1 - delta) * ell₁ ≤ (1 + delta) * ell₂
'AFPBarrier.incident_loss_cross_bounds' depends on axioms: [propext, Classical.choice, Quot.sound]
AFPBarrier.incident_loss_ratio_bounds (ell₁ ell₂ x₁ x₂ rate delta : ℝ) (hrate : 0 < rate) (hdelta0 : 0 ≤ delta)
  (hdelta1 : delta < 1) (hbalance₁ : rate * ell₁ = 2 * x₁) (hbalance₂ : rate * ell₂ = 2 * x₂) (hx₁Lo : 1 - delta ≤ x₁)
  (hx₁Hi : x₁ ≤ 1 + delta) (hx₂Lo : 1 - delta ≤ x₂) (hx₂Hi : x₂ ≤ 1 + delta) :
  1 / AFPBarrier.qDelta delta ≤ ell₁ / ell₂ ∧ ell₁ / ell₂ ≤ AFPBarrier.qDelta delta
'AFPBarrier.incident_loss_ratio_bounds' depends on axioms: [propext, Classical.choice, Quot.sound]
AFPBarrier.path_rate_cross_bounds.{u_1} {ι : Type u_1} (active : ι → ι → Prop) (rate : ι → ℝ) (q : ℝ) (hq : 1 ≤ q)
  (hEdge : ∀ {i j : ι}, active i j → rate j ≤ q * rate i ∧ rate i ≤ q * rate j) {n : ℕ} {i j : ι}
  (hpath : AFPBarrier.ActivePath active n i j) : rate j ≤ q ^ n * rate i ∧ rate i ≤ q ^ n * rate j
'AFPBarrier.path_rate_cross_bounds' depends on axioms: [propext, Classical.choice, Quot.sound]
AFPBarrier.path_rate_ratio_bounds.{u_1} {ι : Type u_1} (active : ι → ι → Prop) (rate : ι → ℝ) (q : ℝ)
  (hrate : ∀ (v : ι), 0 < rate v) (hq : 1 ≤ q)
  (hEdge : ∀ {i j : ι}, active i j → rate j ≤ q * rate i ∧ rate i ≤ q * rate j) {n : ℕ} {i j : ι}
  (hpath : AFPBarrier.ActivePath active n i j) : 1 / q ^ n ≤ rate i / rate j ∧ rate i / rate j ≤ q ^ n
'AFPBarrier.path_rate_ratio_bounds' depends on axioms: [propext, Classical.choice, Quot.sound]
AFPBarrier.path_loss_ratio_bounds.{u_1} {ι : Type u_1} (active : ι → ι → Prop) (rate : ι → ℝ) (delta : ℝ)
  (hrate : ∀ (v : ι), 0 < rate v) (hdelta0 : 0 ≤ delta) (hdelta1 : delta < 1)
  (hEdge :
    ∀ {i j : ι}, active i j → rate j ≤ AFPBarrier.qDelta delta * rate i ∧ rate i ≤ AFPBarrier.qDelta delta * rate j)
  {n : ℕ} {i j : ι} (hpath : AFPBarrier.ActivePath active n i j) (ell₁ ell₂ x₁ x₂ : ℝ)
  (hbalance₁ : rate i * ell₁ = 2 * x₁) (hbalance₂ : rate j * ell₂ = 2 * x₂) (hx₁Lo : 1 - delta ≤ x₁)
  (hx₁Hi : x₁ ≤ 1 + delta) (hx₂Lo : 1 - delta ≤ x₂) (hx₂Hi : x₂ ≤ 1 + delta) :
  1 / AFPBarrier.qDelta delta ^ (n + 1) ≤ ell₁ / ell₂ ∧ ell₁ / ell₂ ≤ AFPBarrier.qDelta delta ^ (n + 1)
'AFPBarrier.path_loss_ratio_bounds' depends on axioms: [propext, Classical.choice, Quot.sound]
AFPBarrier.abs_log_rate_sub_le_of_cross_bounds (r_i r_j q : ℝ) (hri : 0 < r_i) (hrj : 0 < r_j) (hq : 1 ≤ q)
  (hij : r_i ≤ q * r_j) (hji : r_j ≤ q * r_i) : |Real.log r_i - Real.log r_j| ≤ Real.log q
'AFPBarrier.abs_log_rate_sub_le_of_cross_bounds' depends on axioms: [propext, Classical.choice, Quot.sound]
AFPBarrier.adjacent_log_rate_bound (r_i r_j x_ij x_ji delta : ℝ) (hri : 0 < r_i) (hrj : 0 < r_j) (hdelta0 : 0 ≤ delta)
  (hdelta1 : delta < 1) (hijLo : 1 - delta ≤ x_ij) (hijHi : x_ij ≤ 1 + delta) (hjiLo : 1 - delta ≤ x_ji)
  (hjiHi : x_ji ≤ 1 + delta) (hbalance : r_j * x_ij = r_i * x_ji) :
  |Real.log r_i - Real.log r_j| ≤ AFPBarrier.sDelta delta
'AFPBarrier.adjacent_log_rate_bound' depends on axioms: [propext, Classical.choice, Quot.sound]
AFPBarrier.path_log_rate_bound.{u_1} {ι : Type u_1} (active : ι → ι → Prop) (rate : ι → ℝ) (s : ℝ) (hs : 0 ≤ s)
  (hEdgeLog : ∀ {i j : ι}, active i j → |Real.log (rate i) - Real.log (rate j)| ≤ s) {n : ℕ} {i j : ι}
  (hpath : AFPBarrier.ActivePath active n i j) : |Real.log (rate i) - Real.log (rate j)| ≤ ↑n * s
'AFPBarrier.path_log_rate_bound' depends on axioms: [propext, Classical.choice, Quot.sound]
AFPBarrier.abs_log_normalized_scale_le_hDelta (x delta : ℝ) (hdelta0 : 0 ≤ delta) (hdelta1 : delta < 1)
  (hxLo : 1 - delta ≤ x) (hxHi : x ≤ 1 + delta) : |Real.log x| ≤ AFPBarrier.hDelta delta
'AFPBarrier.abs_log_normalized_scale_le_hDelta' depends on axioms: [propext, Classical.choice, Quot.sound]
AFPBarrier.reference_loss_log_bound.{u_1} {ι : Type u_1} (active : ι → ι → Prop) (rate : ι → ℝ) (delta : ℝ)
  (hrate : ∀ (v : ι), 0 < rate v) (hdelta0 : 0 ≤ delta) (hdelta1 : delta < 1)
  (hEdgeLog : ∀ {i j : ι}, active i j → |Real.log (rate i) - Real.log (rate j)| ≤ AFPBarrier.sDelta delta) {n R : ℕ}
  {o i : ι} (hpath : AFPBarrier.ActivePath active n o i) (hn : n ≤ R) (ell x : ℝ) (hbalance : rate i * ell = 2 * x)
  (hxLo : 1 - delta ≤ x) (hxHi : x ≤ 1 + delta) :
  |Real.log (ell / (2 / rate o))| ≤ AFPBarrier.hDelta delta + ↑R * AFPBarrier.sDelta delta
'AFPBarrier.reference_loss_log_bound' depends on axioms: [propext, Classical.choice, Quot.sound]
AFPBarrier.diameter_log_rate_bound.{u_1} {ι : Type u_1} (active : ι → ι → Prop) (rate : ι → ℝ) (s : ℝ) (D : ℕ)
  (hs : 0 ≤ s) (hEdgeLog : ∀ {i j : ι}, active i j → |Real.log (rate i) - Real.log (rate j)| ≤ s)
  (hdiam : AFPBarrier.ActiveDiameterAtMost active D) (i j : ι) : |Real.log (rate i) - Real.log (rate j)| ≤ ↑D * s
'AFPBarrier.diameter_log_rate_bound' depends on axioms: [propext, Classical.choice, Quot.sound]
AFPBarrier.pow_le_pow_of_one_le_of_nat_le (q : ℝ) (hq : 1 ≤ q) {m n : ℕ} (hmn : m ≤ n) : q ^ m ≤ q ^ n
'AFPBarrier.pow_le_pow_of_one_le_of_nat_le' depends on axioms: [propext, Classical.choice, Quot.sound]
AFPBarrier.diameter_rate_ratio_bounds.{u_1} {ι : Type u_1} (active : ι → ι → Prop) (rate : ι → ℝ) (q : ℝ) (D : ℕ)
  (hrate : ∀ (v : ι), 0 < rate v) (hq : 1 ≤ q)
  (hEdge : ∀ {i j : ι}, active i j → rate j ≤ q * rate i ∧ rate i ≤ q * rate j)
  (hdiam : AFPBarrier.ActiveDiameterAtMost active D) (i j : ι) : 1 / q ^ D ≤ rate i / rate j ∧ rate i / rate j ≤ q ^ D
'AFPBarrier.diameter_rate_ratio_bounds' depends on axioms: [propext, Classical.choice, Quot.sound]
AFPBarrier.radial_covariance_error_bounds (Q rate eta : ℝ) (hrate : 0 < rate) (hQlower : 1 ≤ Q)
  (hQupper : Q ≤ 1 + eta) : 0 ≤ 4 * Q / rate - 4 / rate ∧ 4 * Q / rate - 4 / rate ≤ 4 * eta / rate
'AFPBarrier.radial_covariance_error_bounds' depends on axioms: [propext, Classical.choice, Quot.sound]
AFPBarrier.sphericalOutgoingRate_nonneg.{u_1} {ι : Type u_1} [Fintype ι] (a : ι → ℝ) (ha : ∀ (j : ι), 0 ≤ a j) :
  0 ≤ AFPBarrier.sphericalOutgoingRate a
'AFPBarrier.sphericalOutgoingRate_nonneg' depends on axioms: [propext, Classical.choice, Quot.sound]
AFPBarrier.normalBalance_lossUpper_crossBound.{u_1} {ι : Type u_1} [Fintype ι] (a loss : ι → ℝ) (Lmax : ℝ)
  (ha : ∀ (j : ι), 0 ≤ a j) (hloss : ∀ (j : ι), loss j ≤ Lmax) (hbalance : ∑ j, a j * loss j = 2) :
  2 ≤ Lmax * AFPBarrier.sphericalOutgoingRate a
'AFPBarrier.normalBalance_lossUpper_crossBound' depends on axioms: [propext, Classical.choice, Quot.sound]
AFPBarrier.normalBalance_lossLower_crossBound.{u_1} {ι : Type u_1} [Fintype ι] (a loss : ι → ℝ) (Lmin : ℝ)
  (ha : ∀ (j : ι), 0 ≤ a j) (hloss : ∀ (j : ι), Lmin ≤ loss j) (hbalance : ∑ j, a j * loss j = 2) :
  Lmin * AFPBarrier.sphericalOutgoingRate a ≤ 2
'AFPBarrier.normalBalance_lossLower_crossBound' depends on axioms: [propext, Classical.choice, Quot.sound]
AFPBarrier.normalBalance_outgoingRate_lower.{u_1} {ι : Type u_1} [Fintype ι] (a loss : ι → ℝ) (Lmax : ℝ)
  (ha : ∀ (j : ι), 0 ≤ a j) (hloss : ∀ (j : ι), loss j ≤ Lmax) (hLmax : 0 < Lmax) (hbalance : ∑ j, a j * loss j = 2) :
  2 / Lmax ≤ AFPBarrier.sphericalOutgoingRate a
'AFPBarrier.normalBalance_outgoingRate_lower' depends on axioms: [propext, Classical.choice, Quot.sound]
AFPBarrier.normalBalance_outgoingRate_upper.{u_1} {ι : Type u_1} [Fintype ι] (a loss : ι → ℝ) (Lmin : ℝ)
  (ha : ∀ (j : ι), 0 ≤ a j) (hloss : ∀ (j : ι), Lmin ≤ loss j) (hLmin : 0 < Lmin) (hbalance : ∑ j, a j * loss j = 2) :
  AFPBarrier.sphericalOutgoingRate a ≤ 2 / Lmin
'AFPBarrier.normalBalance_outgoingRate_upper' depends on axioms: [propext, Classical.choice, Quot.sound]
AFPBarrier.lossMoment_eq_eigenvalue.{u_1} {ι : Type u_1} [Fintype ι] [DecidableEq ι] (a : ι → ι → ℝ) (f : ι → ℝ) (i : ι)
  (lam : ℝ) (hlinear : AFPBarrier.jumpGenerator a f i = -lam) : ∑ j ∈ AFPBarrier.offdiag i, a i j * (f i - f j) = lam
'AFPBarrier.lossMoment_eq_eigenvalue' depends on axioms: [propext, Classical.choice, Quot.sound]
AFPBarrier.lossMin_mul_rate_le_eigenvalue.{u_1} {ι : Type u_1} [Fintype ι] [DecidableEq ι] (a : ι → ι → ℝ) (f : ι → ℝ)
  (i : ι) (lam ellMin : ℝ) (ha : ∀ (j : ι), j ≠ i → 0 ≤ a i j) (hlower : ∀ (j : ι), j ≠ i → ellMin ≤ f i - f j)
  (hlinear : AFPBarrier.jumpGenerator a f i = -lam) : ellMin * AFPBarrier.jumpRate a i ≤ lam
'AFPBarrier.lossMin_mul_rate_le_eigenvalue' depends on axioms: [propext, Classical.choice, Quot.sound]
AFPBarrier.eigenvalue_le_lossMax_mul_rate.{u_1} {ι : Type u_1} [Fintype ι] [DecidableEq ι] (a : ι → ι → ℝ) (f : ι → ℝ)
  (i : ι) (lam ellMax : ℝ) (ha : ∀ (j : ι), j ≠ i → 0 ≤ a i j) (hupper : ∀ (j : ι), j ≠ i → f i - f j ≤ ellMax)
  (hlinear : AFPBarrier.jumpGenerator a f i = -lam) : lam ≤ ellMax * AFPBarrier.jumpRate a i
'AFPBarrier.eigenvalue_le_lossMax_mul_rate' depends on axioms: [propext, Classical.choice, Quot.sound]
AFPBarrier.lossMin_mul_eigenvalue_le_peakDefect.{u_1} {ι : Type u_1} [Fintype ι] [DecidableEq ι] (a : ι → ι → ℝ)
  (f : ι → ℝ) (i : ι) (lam ellMin : ℝ) (ha : ∀ (j : ι), j ≠ i → 0 ≤ a i j) (hellMin : 0 ≤ ellMin)
  (hlower : ∀ (j : ι), j ≠ i → ellMin ≤ f i - f j) (hfi : f i = 1) (hlinear : AFPBarrier.jumpGenerator a f i = -lam) :
  ellMin * lam ≤ AFPBarrier.peakDefect a f i lam
'AFPBarrier.lossMin_mul_eigenvalue_le_peakDefect' depends on axioms: [propext, Classical.choice, Quot.sound]
AFPBarrier.peakDefect_le_lossMax_mul_eigenvalue.{u_1} {ι : Type u_1} [Fintype ι] [DecidableEq ι] (a : ι → ι → ℝ)
  (f : ι → ℝ) (i : ι) (lam ellMin ellMax : ℝ) (ha : ∀ (j : ι), j ≠ i → 0 ≤ a i j) (hellMin : 0 ≤ ellMin)
  (hlower : ∀ (j : ι), j ≠ i → ellMin ≤ f i - f j) (hupper : ∀ (j : ι), j ≠ i → f i - f j ≤ ellMax) (hfi : f i = 1)
  (hlinear : AFPBarrier.jumpGenerator a f i = -lam) : AFPBarrier.peakDefect a f i lam ≤ ellMax * lam
'AFPBarrier.peakDefect_le_lossMax_mul_eigenvalue' depends on axioms: [propext, Classical.choice, Quot.sound]
AFPBarrier.quasiUniform_loss_rate_defect_bounds.{u_1} {ι : Type u_1} [Fintype ι] [DecidableEq ι] (a : ι → ι → ℝ)
  (f : ι → ℝ) (i : ι) (lam ellMin ellMax : ℝ) (ha : ∀ (j : ι), j ≠ i → 0 ≤ a i j) (hellMin : 0 ≤ ellMin)
  (hlower : ∀ (j : ι), j ≠ i → ellMin ≤ f i - f j) (hupper : ∀ (j : ι), j ≠ i → f i - f j ≤ ellMax) (hfi : f i = 1)
  (hlinear : AFPBarrier.jumpGenerator a f i = -lam) :
  ellMin * AFPBarrier.jumpRate a i ≤ lam ∧
    lam ≤ ellMax * AFPBarrier.jumpRate a i ∧
      ellMin * lam ≤ AFPBarrier.peakDefect a f i lam ∧ AFPBarrier.peakDefect a f i lam ≤ ellMax * lam
'AFPBarrier.quasiUniform_loss_rate_defect_bounds' depends on axioms: [propext, Classical.choice, Quot.sound]
AFPBarrier.eigenvalue_div_lossMax_le_rate.{u_1} {ι : Type u_1} [Fintype ι] [DecidableEq ι] (a : ι → ι → ℝ) (f : ι → ℝ)
  (i : ι) (lam ellMax : ℝ) (ha : ∀ (j : ι), j ≠ i → 0 ≤ a i j) (hellMax : 0 < ellMax)
  (hupper : ∀ (j : ι), j ≠ i → f i - f j ≤ ellMax) (hlinear : AFPBarrier.jumpGenerator a f i = -lam) :
  lam / ellMax ≤ AFPBarrier.jumpRate a i
'AFPBarrier.eigenvalue_div_lossMax_le_rate' depends on axioms: [propext, Classical.choice, Quot.sound]
AFPBarrier.rate_le_eigenvalue_div_lossMin.{u_1} {ι : Type u_1} [Fintype ι] [DecidableEq ι] (a : ι → ι → ℝ) (f : ι → ℝ)
  (i : ι) (lam ellMin : ℝ) (ha : ∀ (j : ι), j ≠ i → 0 ≤ a i j) (hellMin : 0 < ellMin)
  (hlower : ∀ (j : ι), j ≠ i → ellMin ≤ f i - f j) (hlinear : AFPBarrier.jumpGenerator a f i = -lam) :
  AFPBarrier.jumpRate a i ≤ lam / ellMin
'AFPBarrier.rate_le_eigenvalue_div_lossMin' depends on axioms: [propext, Classical.choice, Quot.sound]
AFPBarrier.quadraticLoss_rate_defect_bounds.{u_1} {ι : Type u_1} [Fintype ι] [DecidableEq ι] (a : ι → ι → ℝ) (f : ι → ℝ)
  (i : ι) (lam c C h : ℝ) (ha : ∀ (j : ι), j ≠ i → 0 ≤ a i j) (hc : 0 < c) (hC : 0 < C) (hh : 0 < h)
  (hlower : ∀ (j : ι), j ≠ i → c * h ^ 2 ≤ f i - f j) (hupper : ∀ (j : ι), j ≠ i → f i - f j ≤ C * h ^ 2)
  (hfi : f i = 1) (hlinear : AFPBarrier.jumpGenerator a f i = -lam) :
  lam / (C * h ^ 2) ≤ AFPBarrier.jumpRate a i ∧
    AFPBarrier.jumpRate a i ≤ lam / (c * h ^ 2) ∧
      c * h ^ 2 * lam ≤ AFPBarrier.peakDefect a f i lam ∧ AFPBarrier.peakDefect a f i lam ≤ C * h ^ 2 * lam
'AFPBarrier.quadraticLoss_rate_defect_bounds' depends on axioms: [propext, Classical.choice, Quot.sound]
AFPBarrier.conductanceRate_nonneg.{u_1} {ι : Type u_1} [Fintype ι] [DecidableEq ι] (γ : ι → ι → ℝ) (w : ι → ℝ)
  (hγ : ∀ (i j : ι), i ≠ j → 0 ≤ γ i j) (hw : ∀ (i : ι), 0 < w i) (i j : ι) (hij : i ≠ j) :
  0 ≤ AFPBarrier.conductanceRate γ w i j
'AFPBarrier.conductanceRate_nonneg' depends on axioms: [propext, Classical.choice, Quot.sound]
AFPBarrier.conductanceRate_detailedBalance.{u_1} {ι : Type u_1} [Fintype ι] [DecidableEq ι] (γ : ι → ι → ℝ) (w : ι → ℝ)
  (hγsymm : ∀ (i j : ι), γ i j = γ j i) (hw : ∀ (i : ι), w i ≠ 0) (i j : ι) :
  w i * AFPBarrier.conductanceRate γ w i j = w j * AFPBarrier.conductanceRate γ w j i
'AFPBarrier.conductanceRate_detailedBalance' depends on axioms: [propext, Classical.choice, Quot.sound]
AFPBarrier.weightedAdjointRate_conductanceRate_eq.{u_1} {ι : Type u_1} [Fintype ι] [DecidableEq ι] (γ : ι → ι → ℝ)
  (w : ι → ℝ) (hγsymm : ∀ (i j : ι), γ i j = γ j i) (hw : ∀ (i : ι), w i ≠ 0) (i j : ι) :
  AFPBarrier.weightedAdjointRate (AFPBarrier.conductanceRate γ w) w i j = AFPBarrier.conductanceRate γ w i j
'AFPBarrier.weightedAdjointRate_conductanceRate_eq' depends on axioms: [propext, Classical.choice, Quot.sound]
AFPBarrier.weight_mul_jumpGenerator_conductanceRate.{u_1} {ι : Type u_1} [Fintype ι] [DecidableEq ι] (γ : ι → ι → ℝ)
  (w f : ι → ℝ) (hw : ∀ (i : ι), w i ≠ 0) (i : ι) :
  w i * AFPBarrier.jumpGenerator (AFPBarrier.conductanceRate γ w) f i = ∑ j, γ i j * (f j - f i)
'AFPBarrier.weight_mul_jumpGenerator_conductanceRate' depends on axioms: [propext, Classical.choice, Quot.sound]
AFPBarrier.weighted_sum_jumpGenerator_conductanceRate_eq_zero.{u_1} {ι : Type u_1} [Fintype ι] [DecidableEq ι]
  (γ : ι → ι → ℝ) (w f : ι → ℝ) (hγsymm : ∀ (i j : ι), γ i j = γ j i) (hw : ∀ (i : ι), w i ≠ 0) :
  ∑ i, w i * AFPBarrier.jumpGenerator (AFPBarrier.conductanceRate γ w) f i = 0
'AFPBarrier.weighted_sum_jumpGenerator_conductanceRate_eq_zero' depends on axioms: [propext,
 Classical.choice,
 Quot.sound]
AFPBarrier.conductance_eigen_implies_weightedMean_zero.{u_1} {ι : Type u_1} [Fintype ι] [DecidableEq ι] (γ : ι → ι → ℝ)
  (w f : ι → ℝ) (lam : ℝ) (hγsymm : ∀ (i j : ι), γ i j = γ j i) (hw : ∀ (i : ι), w i ≠ 0) (hlam : lam ≠ 0)
  (heigen : ∀ (i : ι), AFPBarrier.jumpGenerator (AFPBarrier.conductanceRate γ w) f i = -lam * f i) : ∑ i, w i * f i = 0
'AFPBarrier.conductance_eigen_implies_weightedMean_zero' depends on axioms: [propext, Classical.choice, Quot.sound]
AFPBarrier.no_exact_conductance_linear_and_square_at_peak.{u_1} {ι : Type u_1} [Fintype ι] [DecidableEq ι]
  (γ : ι → ι → ℝ) (w f : ι → ℝ) (i : ι) (lam : ℝ) (hγ : ∀ (p q : ι), p ≠ q → 0 ≤ γ p q) (hw : ∀ (p : ι), 0 < w p)
  (hlam : 0 < lam) (hfi : f i = 1) (hlinear : AFPBarrier.jumpGenerator (AFPBarrier.conductanceRate γ w) f i = -lam)
  (hsquare : AFPBarrier.jumpGenerator (AFPBarrier.conductanceRate γ w) (fun j => f j ^ 2) i = -2 * lam) : False
'AFPBarrier.no_exact_conductance_linear_and_square_at_peak' depends on axioms: [propext, Classical.choice, Quot.sound]
AFPBarrier.conductanceRate_common_scale.{u_1} {ι : Type u_1} [Fintype ι] [DecidableEq ι] (c : ι → ι → ℝ) (d : ι → ℝ)
  (α : ℝ) (hα : α ≠ 0) (hd : ∀ (i : ι), d i ≠ 0) (i j : ι) :
  AFPBarrier.conductanceRate (fun p q => α * c p q) (fun p => α * d p) i j = AFPBarrier.conductanceRate c d i j
'AFPBarrier.conductanceRate_common_scale' depends on axioms: [propext, Classical.choice, Quot.sound]
AFPBarrier.jumpGenerator_conductance_common_scale.{u_1} {ι : Type u_1} [Fintype ι] [DecidableEq ι] (c : ι → ι → ℝ)
  (d : ι → ℝ) (α : ℝ) (hα : α ≠ 0) (hd : ∀ (i : ι), d i ≠ 0) (f : ι → ℝ) (i : ι) :
  AFPBarrier.jumpGenerator (AFPBarrier.conductanceRate (fun p q => α * c p q) fun p => α * d p) f i =
    AFPBarrier.jumpGenerator (AFPBarrier.conductanceRate c d) f i
'AFPBarrier.jumpGenerator_conductance_common_scale' depends on axioms: [propext, Classical.choice, Quot.sound]
AFPBarrier.equilibrium_common_scale.{u_1} {ι : Type u_1} [Fintype ι] [DecidableEq ι] (c : ι → ι → ℝ) (d f : ι → ℝ)
  (α lam : ℝ) (i : ι) (hequilibrium : ∑ j, c i j * (f j - f i) = -lam * d i * f i) :
  ∑ j, α * c i j * (f j - f i) = -lam * (α * d i) * f i
'AFPBarrier.equilibrium_common_scale' depends on axioms: [propext, Classical.choice, Quot.sound]
AFPBarrier.geometric_pair_transfers_to_scaled_quadrature.{u_1, u_2} {ι : Type u_1} [Fintype ι] [DecidableEq ι]
  (c : ι → ι → ℝ) (d : ι → ℝ) (α lam : ℝ) {κ : Type u_2} [Fintype κ] (Ω : ι → κ → ℝ) (hα : α ≠ 0)
  (hd : ∀ (i : ι), d i ≠ 0)
  (heigen :
    ∀ (i : ι) (k : κ), AFPBarrier.jumpGenerator (AFPBarrier.conductanceRate c d) (fun j => Ω j k) i = -lam * Ω i k)
  (i : ι) (k : κ) :
  AFPBarrier.jumpGenerator (AFPBarrier.conductanceRate (fun p q => α * c p q) fun p => α * d p) (fun j => Ω j k) i =
    -lam * Ω i k
'AFPBarrier.geometric_pair_transfers_to_scaled_quadrature' depends on axioms: [propext, Classical.choice, Quot.sound]
AFPBarrier.sharedEdgeColumn_swap.{u_1, u_2, u_3} {ι : Type u_1} {κ : Type u_2} {ε : Type u_3} [Fintype ι]
  [DecidableEq ι] [Fintype κ] [Fintype ε] (Ω : ι → κ → ℝ) (left right : ε → ι) (i : ι) (k : κ) (e : ε) :
  AFPBarrier.sharedEdgeColumn Ω left right i k e = AFPBarrier.sharedEdgeColumn Ω right left i k e
'AFPBarrier.sharedEdgeColumn_swap' depends on axioms: [propext, Classical.choice, Quot.sound]
AFPBarrier.sharedEdgeColumn_nodeSum_zero.{u_1, u_2, u_3} {ι : Type u_1} {κ : Type u_2} {ε : Type u_3} [Fintype ι]
  [DecidableEq ι] [Fintype κ] [Fintype ε] (Ω : ι → κ → ℝ) (left right : ε → ι) (k : κ) (e : ε) :
  ∑ i, AFPBarrier.sharedEdgeColumn Ω left right i k e = 0
'AFPBarrier.sharedEdgeColumn_nodeSum_zero' depends on axioms: [propext, Classical.choice, Quot.sound]
AFPBarrier.sharedEdgeApply_nodeSum_zero.{u_1, u_2, u_3} {ι : Type u_1} {κ : Type u_2} {ε : Type u_3} [Fintype ι]
  [DecidableEq ι] [Fintype κ] [Fintype ε] (Ω : ι → κ → ℝ) (left right : ε → ι) (γ : ε → ℝ) (k : κ) :
  ∑ i, AFPBarrier.sharedEdgeApply Ω left right γ i k = 0
'AFPBarrier.sharedEdgeApply_nodeSum_zero' depends on axioms: [propext, Classical.choice, Quot.sound]
AFPBarrier.sharedEdge_equilibrium_implies_rhs_nodeSum_zero.{u_1, u_2, u_3} {ι : Type u_1} {κ : Type u_2} {ε : Type u_3}
  [Fintype ι] [DecidableEq ι] [Fintype κ] [Fintype ε] (Ω : ι → κ → ℝ) (left right : ε → ι) (γ : ε → ℝ) (b : ι → κ → ℝ)
  (heq : ∀ (i : ι) (k : κ), AFPBarrier.sharedEdgeApply Ω left right γ i k = b i k) (k : κ) : ∑ i, b i k = 0
'AFPBarrier.sharedEdge_equilibrium_implies_rhs_nodeSum_zero' depends on axioms: [propext, Classical.choice, Quot.sound]
AFPBarrier.sharedEdge_equilibrium_implies_weightedCentering.{u_1, u_2, u_3} {ι : Type u_1} {κ : Type u_2} {ε : Type u_3}
  [Fintype ι] [DecidableEq ι] [Fintype κ] [Fintype ε] (Ω : ι → κ → ℝ) (left right : ε → ι) (γ : ε → ℝ) (w : ι → ℝ)
  (heq : ∀ (i : ι) (k : κ), AFPBarrier.sharedEdgeApply Ω left right γ i k = -2 * w i * Ω i k) (k : κ) :
  ∑ i, w i * Ω i k = 0
'AFPBarrier.sharedEdge_equilibrium_implies_weightedCentering' depends on axioms: [propext, Classical.choice, Quot.sound]
AFPBarrier.squareLocalRate_nonneg (i j : Fin 4) : 0 ≤ AFPBarrier.squareLocalRate i j
'AFPBarrier.squareLocalRate_nonneg' depends on axioms: [propext, Classical.choice, Quot.sound]
AFPBarrier.squareLocalRate_permitted_pos :
  0 < AFPBarrier.squareLocalRate 0 1 ∧
    0 < AFPBarrier.squareLocalRate 1 0 ∧
      0 < AFPBarrier.squareLocalRate 1 2 ∧
        0 < AFPBarrier.squareLocalRate 2 1 ∧
          0 < AFPBarrier.squareLocalRate 2 3 ∧
            0 < AFPBarrier.squareLocalRate 3 2 ∧ 0 < AFPBarrier.squareLocalRate 3 0 ∧ 0 < AFPBarrier.squareLocalRate 0 3
'AFPBarrier.squareLocalRate_permitted_pos' depends on axioms: [propext, Classical.choice, Quot.sound]
AFPBarrier.squareLocalRate_coordinate_exact (i : Fin 4) (k : Fin 2) :
  ∑ j, AFPBarrier.squareLocalRate i j * (AFPBarrier.squareOmega j k - AFPBarrier.squareOmega i k) =
    -2 * AFPBarrier.squareOmega i k
'AFPBarrier.squareLocalRate_coordinate_exact' depends on axioms: [propext, Classical.choice, Quot.sound]
AFPBarrier.squareWeight_pos (i : Fin 4) : 0 < AFPBarrier.squareWeight i
'AFPBarrier.squareWeight_pos' depends on axioms: [propext, Classical.choice, Quot.sound]
AFPBarrier.square_weighted_centering (k : Fin 2) : ∑ i, AFPBarrier.squareWeight i * AFPBarrier.squareOmega i k = 0
'AFPBarrier.square_weighted_centering' depends on axioms: [propext, Classical.choice, Quot.sound]
AFPBarrier.squareBalanceMatrix_columnSum_zero (e : Fin 4) : ∑ r, AFPBarrier.squareBalanceMatrix r e = 0
'AFPBarrier.squareBalanceMatrix_columnSum_zero' depends on axioms: [propext, Classical.choice, Quot.sound]
AFPBarrier.squareDual_transpose_zero (e : Fin 4) :
  AFPBarrier.finiteTransposeApply AFPBarrier.squareBalanceMatrix AFPBarrier.squareDualVector e = 0
'AFPBarrier.squareDual_transpose_zero' depends on axioms: [propext, Classical.choice, Quot.sound]
AFPBarrier.squareDual_work : AFPBarrier.finiteDot AFPBarrier.squareBalanceRhs AFPBarrier.squareDualVector = -4
'AFPBarrier.squareDual_work' depends on axioms: [propext, Classical.choice, Quot.sound]
AFPBarrier.square_sharedEdge_infeasible :
  ¬∃ γ,
      (∀ (e : Fin 4), 0 ≤ γ e) ∧
        ∀ (r : Fin 8), AFPBarrier.finiteMatrixApply AFPBarrier.squareBalanceMatrix γ r = AFPBarrier.squareBalanceRhs r
'AFPBarrier.square_sharedEdge_infeasible' depends on axioms: [propext, Classical.choice, Quot.sound]
AFPBarrier.squarePolarQualityFromStep_formula (h : ℝ) (hs : Real.sin h ≠ 0) :
  AFPBarrier.squarePolarQualityFromStep h = 1 / (4 * Real.sin h ^ 2) + 1 / 2 + Real.sin h ^ 2 / 4
'AFPBarrier.squarePolarQualityFromStep_formula' depends on axioms: [propext, Classical.choice, Quot.sound]
AFPBarrier.squarePolar_rates_forced (s transverseFactor aMer aLeft aRight : ℝ) (hs : s ≠ 0)
  (htransverseFactor : transverseFactor ≠ 0) (htransverse : transverseFactor * (aRight - aLeft) = 0)
  (hradial : aMer * (-4 * s ^ 2) = -2)
  (htangent : aLeft * (-2 * s ^ 2) + aRight * (-2 * s ^ 2) + aMer * (2 * (1 - 2 * s ^ 2)) = -2) :
  aMer = 1 / (2 * s ^ 2) ∧ aLeft = 1 / (4 * s ^ 4) ∧ aRight = 1 / (4 * s ^ 4)
'AFPBarrier.squarePolar_rates_forced' depends on axioms: [propext, Classical.choice, Quot.sound]
AFPBarrier.squarePolar_totalRate_forced (s transverseFactor aMer aLeft aRight : ℝ) (hs : s ≠ 0)
  (htransverseFactor : transverseFactor ≠ 0) (htransverse : transverseFactor * (aRight - aLeft) = 0)
  (hradial : aMer * (-4 * s ^ 2) = -2)
  (htangent : aLeft * (-2 * s ^ 2) + aRight * (-2 * s ^ 2) + aMer * (2 * (1 - 2 * s ^ 2)) = -2) :
  aMer + aLeft + aRight = 1 / (2 * s ^ 2) + 1 / (2 * s ^ 4)
'AFPBarrier.squarePolar_totalRate_forced' depends on axioms: [propext, Classical.choice, Quot.sound]
AFPBarrier.squarePolar_forced_quartic_lower (n r : ℝ) (hn : 2 ≤ n)
  (hr : r = AFPBarrier.squarePolarRateFromStep (AFPBarrier.equalAngleGridHalfStep n)) : 8 * n ^ 4 / Real.pi ^ 4 ≤ r
'AFPBarrier.squarePolar_forced_quartic_lower' depends on axioms: [propext, Classical.choice, Quot.sound]
AFPBarrier.cscSquaredTruncation_rate_identity (x : ℝ) (hx : x ≠ 0) :
  1 / 2 * AFPBarrier.cscSquaredTruncation x + 1 / 2 * AFPBarrier.cscSquaredTruncation x ^ 2 =
    AFPBarrier.squarePolarRateMainStep x + x ^ 2 / 18 + x ^ 4 / 450
'AFPBarrier.cscSquaredTruncation_rate_identity' depends on axioms: [propext, Classical.choice, Quot.sound]
AFPBarrier.squarePolarRateMainStep_grid (n : ℝ) (hn : n ≠ 0) :
  AFPBarrier.squarePolarRateMainStep (AFPBarrier.equalAngleGridHalfStep n) =
    8 / Real.pi ^ 4 * n ^ 4 + 10 / (3 * Real.pi ^ 2) * n ^ 2 + 13 / 45
'AFPBarrier.squarePolarRateMainStep_grid' depends on axioms: [propext, Classical.choice, Quot.sound]
AFPBarrier.squarePolarQualityMainStep_grid (n : ℝ) (hn : n ≠ 0) :
  AFPBarrier.squarePolarQualityMainStep (AFPBarrier.equalAngleGridHalfStep n) = n ^ 2 / Real.pi ^ 2 + 7 / 12
'AFPBarrier.squarePolarQualityMainStep_grid' depends on axioms: [propext, Classical.choice, Quot.sound]
AFPBarrier.universal_rate_lower_of_defect_upper (rate defect C h : ℝ) (hproduct : 4 ≤ rate * defect) (hrate : 0 ≤ rate)
  (hdefect : defect ≤ C * h ^ 2) (hC : 0 < C) (hh : 0 < h) : 4 / (C * h ^ 2) ≤ rate
'AFPBarrier.universal_rate_lower_of_defect_upper' depends on axioms: [propext, Classical.choice, Quot.sound]
AFPBarrier.finiteExtremal_defect_lower (rate defect R K : ℝ) (hproduct : 4 ≤ rate * defect) (hrateCap : rate ≤ R * K)
  (hdefect : 0 ≤ defect) (hR : 0 < R) (hK : 0 < K) : 4 / (R * K) ≤ defect
'AFPBarrier.finiteExtremal_defect_lower' depends on axioms: [propext, Classical.choice, Quot.sound]
AFPBarrier.projectiveQuality_from_fixedMoment (lambda m s2 rate defect : ℝ) (hlambda : lambda ≠ 0) (hm : m ≠ 0)
  (hrate : rate = lambda / m) (hdefect : defect = lambda * s2 / m) : rate * defect / lambda ^ 2 = s2 / m ^ 2
'AFPBarrier.projectiveQuality_from_fixedMoment' depends on axioms: [propext, Classical.choice, Quot.sound]
AFPBarrier.twoLossWeightedQuality_sub_one (kappa ell₁ ell₂ : ℝ) (hkappa : 0 < kappa) (hden : kappa * ell₁ + ell₂ ≠ 0) :
  (kappa * ell₁ ^ 2 + ell₂ ^ 2) / (kappa + 1) / ((kappa * ell₁ + ell₂) / (kappa + 1)) ^ 2 - 1 =
    kappa * ((ell₁ - ell₂) / (kappa * ell₁ + ell₂)) ^ 2
'AFPBarrier.twoLossWeightedQuality_sub_one' depends on axioms: [propext, Classical.choice, Quot.sound]
AFPBarrier.twoLossQuality_sub_one (ell₁ ell₂ : ℝ) (hsum : ell₁ + ell₂ ≠ 0) :
  (ell₁ ^ 2 + ell₂ ^ 2) / 2 / ((ell₁ + ell₂) / 2) ^ 2 - 1 = ((ell₁ - ell₂) / (ell₁ + ell₂)) ^ 2
'AFPBarrier.twoLossQuality_sub_one' depends on axioms: [propext, Classical.choice, Quot.sound]
AFPBarrier.biregular_interRing_incidence (Mi Mj p q E : ℕ) (hleft : p * Mi = E) (hright : q * Mj = E) : p * Mi = q * Mj
'AFPBarrier.biregular_interRing_incidence' does not depend on any axioms
AFPBarrier.perfectMatching_ringCounts_eq (Mi Mj E : ℕ) (hleft : Mi = E) (hright : Mj = E) : Mi = Mj
'AFPBarrier.perfectMatching_ringCounts_eq' does not depend on any axioms
AFPBarrier.spatialUpwindEulerCell_eq_positive_form.{u_1} {ι : Type u_1} [Fintype ι] [DecidableEq ι] (a : ι → ι → ℝ)
  (dt stream absorption source upwind : ℝ) (f : ι → ℝ) (i : ι) :
  AFPBarrier.spatialUpwindEulerCell a dt stream absorption source upwind f i =
    (1 - dt * (stream + AFPBarrier.jumpRate a i + absorption)) * f i + dt * stream * upwind +
        dt * ∑ j ∈ AFPBarrier.offdiag i, a i j * f j +
      dt * source
'AFPBarrier.spatialUpwindEulerCell_eq_positive_form' depends on axioms: [propext, Classical.choice, Quot.sound]
AFPBarrier.spatialUpwindEulerCell_nonneg.{u_1} {ι : Type u_1} [Fintype ι] [DecidableEq ι] (a : ι → ι → ℝ)
  (dt stream absorption source upwind : ℝ) (f : ι → ℝ) (i : ι) (ha : ∀ (j : ι), j ≠ i → 0 ≤ a i j) (hdt : 0 ≤ dt)
  (hstream : 0 ≤ stream) (habsorption : 0 ≤ absorption) (hsource : 0 ≤ source) (hupwind : 0 ≤ upwind)
  (hf : ∀ (j : ι), 0 ≤ f j) (hcfl : dt * (stream + AFPBarrier.jumpRate a i + absorption) ≤ 1) :
  0 ≤ AFPBarrier.spatialUpwindEulerCell a dt stream absorption source upwind f i
'AFPBarrier.spatialUpwindEulerCell_nonneg' depends on axioms: [propext, Classical.choice, Quot.sound]
AFPBarrier.spatialUpwindEulerCell_unitAt.{u_1} {ι : Type u_1} [Fintype ι] [DecidableEq ι] (a : ι → ι → ℝ)
  (dt stream absorption : ℝ) (i : ι) :
  AFPBarrier.spatialUpwindEulerCell a dt stream absorption 0 0 (AFPBarrier.unitAt i) i =
    1 - dt * (stream + AFPBarrier.jumpRate a i + absorption)
'AFPBarrier.spatialUpwindEulerCell_unitAt' depends on axioms: [propext, Classical.choice, Quot.sound]
AFPBarrier.spatialUpwindEulerCell_unitAt_neg_of_cfl_violation.{u_1} {ι : Type u_1} [Fintype ι] [DecidableEq ι]
  (a : ι → ι → ℝ) (dt stream absorption : ℝ) (i : ι) (hcfl : 1 < dt * (stream + AFPBarrier.jumpRate a i + absorption)) :
  AFPBarrier.spatialUpwindEulerCell a dt stream absorption 0 0 (AFPBarrier.unitAt i) i < 0
'AFPBarrier.spatialUpwindEulerCell_unitAt_neg_of_cfl_violation' depends on axioms: [propext,
 Classical.choice,
 Quot.sound]
AFPBarrier.jumpGenerator_finset_sum.{u_1, u_2} {ι : Type u_1} [Fintype ι] [DecidableEq ι] {κ : Type u_2} (a : ι → ι → ℝ)
  (s : Finset κ) (f : κ → ι → ℝ) (i : ι) :
  AFPBarrier.jumpGenerator a (fun j => ∑ k ∈ s, f k j) i = ∑ k ∈ s, AFPBarrier.jumpGenerator a (f k) i
'AFPBarrier.jumpGenerator_finset_sum' depends on axioms: [propext, Classical.choice, Quot.sound]
AFPBarrier.jumpGenerator_const_mul.{u_1} {ι : Type u_1} [Fintype ι] [DecidableEq ι] (a : ι → ι → ℝ) (c : ℝ) (f : ι → ℝ)
  (i : ι) : AFPBarrier.jumpGenerator a (fun j => c * f j) i = c * AFPBarrier.jumpGenerator a f i
'AFPBarrier.jumpGenerator_const_mul' depends on axioms: [propext, Classical.choice, Quot.sound]
AFPBarrier.jumpGenerator_product_identity.{u_1} {ι : Type u_1} [Fintype ι] [DecidableEq ι] (a : ι → ι → ℝ) (f g : ι → ℝ)
  (i : ι) :
  AFPBarrier.jumpGenerator a (fun j => f j * g j) i - f i * AFPBarrier.jumpGenerator a g i -
      g i * AFPBarrier.jumpGenerator a f i =
    2 * AFPBarrier.mixedCarreDuChamp a f g i
'AFPBarrier.jumpGenerator_product_identity' depends on axioms: [propext, Classical.choice, Quot.sound]
AFPBarrier.spectralProduct_arbitraryTarget.{u_1} {ι : Type u_1} [Fintype ι] [DecidableEq ι] (a : ι → ι → ℝ)
  (f g : ι → ℝ) (lambda nu mu c : ℝ) (i : ι) (hf : AFPBarrier.jumpGenerator a f i = -lambda * f i)
  (hg : AFPBarrier.jumpGenerator a g i = -nu * g i) :
  AFPBarrier.jumpGenerator a (fun j => f j * g j - c) i + mu * (f i * g i - c) =
    2 * AFPBarrier.mixedCarreDuChamp a f g i + (mu - lambda - nu) * (f i * g i) - mu * c
'AFPBarrier.spectralProduct_arbitraryTarget' depends on axioms: [propext, Classical.choice, Quot.sound]
AFPBarrier.spectralProduct_resonance_iff.{u_1} {ι : Type u_1} [Fintype ι] [DecidableEq ι] (a : ι → ι → ℝ) (f g : ι → ℝ)
  (lambda nu c : ℝ) (hf : ∀ (i : ι), AFPBarrier.jumpGenerator a f i = -lambda * f i)
  (hg : ∀ (i : ι), AFPBarrier.jumpGenerator a g i = -nu * g i) :
  (∀ (i : ι), AFPBarrier.jumpGenerator a (fun j => f j * g j - c) i = -(lambda + nu) * (f i * g i - c)) ↔
    ∀ (i : ι), 2 * AFPBarrier.mixedCarreDuChamp a f g i = (lambda + nu) * c
'AFPBarrier.spectralProduct_resonance_iff' depends on axioms: [propext, Classical.choice, Quot.sound]
AFPBarrier.two_mixedCarreDuChamp_self.{u_1} {ι : Type u_1} [Fintype ι] [DecidableEq ι] (a : ι → ι → ℝ) (f : ι → ℝ)
  (i : ι) : 2 * AFPBarrier.mixedCarreDuChamp a f f i = AFPBarrier.carreDuChamp a f i
'AFPBarrier.two_mixedCarreDuChamp_self' depends on axioms: [propext, Classical.choice, Quot.sound]
AFPBarrier.spectralSquare_resonance_iff.{u_1} {ι : Type u_1} [Fintype ι] [DecidableEq ι] (a : ι → ι → ℝ) (f : ι → ℝ)
  (lambda c : ℝ) (hf : ∀ (i : ι), AFPBarrier.jumpGenerator a f i = -lambda * f i) :
  (∀ (i : ι), AFPBarrier.jumpGenerator a (fun j => f j ^ 2 - c) i = -(2 * lambda) * (f i ^ 2 - c)) ↔
    ∀ (i : ι), AFPBarrier.mixedCarreDuChamp a f f i = lambda * c
'AFPBarrier.spectralSquare_resonance_iff' depends on axioms: [propext, Classical.choice, Quot.sound]
AFPBarrier.spectralSampledSpaces_iSupIndep.{u_1, u_2} {J : Type u_1} {W : Type u_2} [Fintype J] [DecidableEq J]
  [AddCommGroup W] [Module ℝ W] (L : Module.End ℝ W) (mu : J → ℝ) (V : J → Submodule ℝ W) (hmu : Function.Injective mu)
  (hV : ∀ (j : J), V j ≤ L.eigenspace (mu j)) : iSupIndep V
'AFPBarrier.spectralSampledSpaces_iSupIndep' depends on axioms: [propext, Classical.choice, Quot.sound]
AFPBarrier.spectralSampledSpaces_pairwise_disjoint.{u_1, u_2} {J : Type u_1} {W : Type u_2} [Fintype J] [DecidableEq J]
  [AddCommGroup W] [Module ℝ W] (L : Module.End ℝ W) (mu : J → ℝ) (V : J → Submodule ℝ W) (hmu : Function.Injective mu)
  (hV : ∀ (j : J), V j ≤ L.eigenspace (mu j)) : Pairwise fun i j => Disjoint (V i) (V j)
'AFPBarrier.spectralSampledSpaces_pairwise_disjoint' depends on axioms: [propext, Classical.choice, Quot.sound]
AFPBarrier.spectralSampledSpaces_finrank_sum_le.{u_1, u_2} {J : Type u_1} {W : Type u_2} [Fintype J] [DecidableEq J]
  [AddCommGroup W] [Module ℝ W] [FiniteDimensional ℝ W] (L : Module.End ℝ W) (mu : J → ℝ) (V : J → Submodule ℝ W)
  (hmu : Function.Injective mu) (hV : ∀ (j : J), V j ≤ L.eigenspace (mu j)) :
  ∑ j, Module.finrank ℝ ↥(V j) ≤ Module.finrank ℝ W
'AFPBarrier.spectralSampledSpaces_finrank_sum_le' depends on axioms: [propext, Classical.choice, Quot.sound]
AFPBarrier.spectralSampledFunctions_finrank_sum_le.{u_1, u_3} {J : Type u_1} [Fintype J] [DecidableEq J] {I : Type u_3}
  [Fintype I] (L : Module.End ℝ (I → ℝ)) (mu : J → ℝ) (V : J → Submodule ℝ (I → ℝ)) (hmu : Function.Injective mu)
  (hV : ∀ (j : J), V j ≤ L.eigenspace (mu j)) : ∑ j, Module.finrank ℝ ↥(V j) ≤ Fintype.card I
'AFPBarrier.spectralSampledFunctions_finrank_sum_le' depends on axioms: [propext, Classical.choice, Quot.sound]
AFPBarrier.sphericalEigenvalue_injective {d : ℕ} (hd : 2 ≤ d) : Function.Injective (AFPBarrier.sphericalEigenvalue d)
'AFPBarrier.sphericalEigenvalue_injective' depends on axioms: [propext, Classical.choice, Quot.sound]
AFPBarrier.harmonicSampledSpaces_iSupIndep.{u_1, u_2} {J : Type u_1} {W : Type u_2} [Fintype J] [DecidableEq J]
  [AddCommGroup W] [Module ℝ W] {d : ℕ} (hd : 2 ≤ d) (degree : J → ℕ) (hdegree : Function.Injective degree)
  (L : Module.End ℝ W) (V : J → Submodule ℝ W)
  (hV : ∀ (j : J), V j ≤ L.eigenspace (-AFPBarrier.sphericalEigenvalue d (degree j))) : iSupIndep V
'AFPBarrier.harmonicSampledSpaces_iSupIndep' depends on axioms: [propext, Classical.choice, Quot.sound]
AFPBarrier.sphericalEigenvalue_dimension_one_collision :
  AFPBarrier.sphericalEigenvalue 1 0 = AFPBarrier.sphericalEigenvalue 1 1
'AFPBarrier.sphericalEigenvalue_dimension_one_collision' depends on axioms: [propext, Classical.choice, Quot.sound]
AFPBarrier.sphericalEigenvalue_dimension_one_not_injective : ¬Function.Injective (AFPBarrier.sphericalEigenvalue 1)
'AFPBarrier.sphericalEigenvalue_dimension_one_not_injective' depends on axioms: [propext, Classical.choice, Quot.sound]
AFPBarrier.internalScalarOperator_apply_of_mem.{u_1, u_2} {J : Type u_1} {W : Type u_2} [Fintype J] [DecidableEq J]
  [AddCommGroup W] [Module ℝ W] (V : J → Submodule ℝ W) (mu : J → ℝ) (hinternal : DirectSum.IsInternal V) (j : J)
  (x : W) (hx : x ∈ V j) : (AFPBarrier.internalScalarOperator V mu hinternal) x = mu j • x
'AFPBarrier.internalScalarOperator_apply_of_mem' depends on axioms: [propext, Classical.choice, Quot.sound]
AFPBarrier.internalScalarOperator_eq_zero_of_mem_zeroSummand.{u_1, u_2} {J : Type u_1} {W : Type u_2} [Fintype J]
  [DecidableEq J] [AddCommGroup W] [Module ℝ W] (V : J → Submodule ℝ W) (mu : J → ℝ)
  (hinternal : DirectSum.IsInternal V) (j0 : J) (hmu0 : mu j0 = 0) (x : W) (hx : x ∈ V j0) :
  (AFPBarrier.internalScalarOperator V mu hinternal) x = 0
'AFPBarrier.internalScalarOperator_eq_zero_of_mem_zeroSummand' depends on axioms: [propext,
 Classical.choice,
 Quot.sound]
AFPBarrier.internalScalarOperator_constants_eq_zero.{u_1, u_3} {J : Type u_1} [Fintype J] [DecidableEq J] {I : Type u_3}
  (V : J → Submodule ℝ (I → ℝ)) (mu : J → ℝ) (hinternal : DirectSum.IsInternal V) (j0 : J) (hmu0 : mu j0 = 0)
  (hconstants : ∀ (c : ℝ), (fun x => c) ∈ V j0) (c : ℝ) :
  ((AFPBarrier.internalScalarOperator V mu hinternal) fun x => c) = 0
'AFPBarrier.internalScalarOperator_constants_eq_zero' depends on axioms: [propext, Classical.choice, Quot.sound]
AFPBarrier.no_exact_S2_degree_two_at_peak.{u_1} {ι : Type u_1} [Fintype ι] [DecidableEq ι] (a : ι → ι → ℝ) (g : ι → ℝ)
  (i : ι) (ha : ∀ (j : ι), j ≠ i → 0 ≤ a i j) (hgi : g i = 1) (hdegreeOne : AFPBarrier.jumpGenerator a g i = -2)
  (hdegreeTwo : AFPBarrier.jumpGenerator a (fun j => g j ^ 2 - 1 / 3) i = -6 * (g i ^ 2 - 1 / 3)) : False
'AFPBarrier.no_exact_S2_degree_two_at_peak' depends on axioms: [propext, Classical.choice, Quot.sound]
AFPBarrier.S2_four_le_rate_mul_defect.{u_1} {ι : Type u_1} [Fintype ι] [DecidableEq ι] (a : ι → ι → ℝ) (g : ι → ℝ)
  (i : ι) (ha : ∀ (j : ι), j ≠ i → 0 ≤ a i j) (hgi : g i = 1) (hdegreeOne : AFPBarrier.jumpGenerator a g i = -2) :
  4 ≤ AFPBarrier.jumpRate a i * AFPBarrier.peakDefect a g i 2
'AFPBarrier.S2_four_le_rate_mul_defect' depends on axioms: [propext, Classical.choice, Quot.sound]
AFPBarrier.tangentNormalScale_pos.{u_1} {ι : Type u_1} [Fintype ι] (b sinTheta loss : ι → ℝ) (hb : ∀ (j : ι), 0 ≤ b j)
  (hbne : ∃ j, 0 < b j) (hsin : ∀ (j : ι), 0 < sinTheta j) (hloss : ∀ (j : ι), 0 < loss j) :
  0 < AFPBarrier.tangentNormalScale b sinTheta loss
'AFPBarrier.tangentNormalScale_pos' depends on axioms: [propext, Classical.choice, Quot.sound]
AFPBarrier.commonScale_eq_two_div (Q c : ℝ) (hQ : Q ≠ 0) (hbalance : c * Q = 2) : c = 2 / Q
'AFPBarrier.commonScale_eq_two_div' depends on axioms: [propext, Classical.choice, Quot.sound]
AFPBarrier.commonScale_pos (Q c : ℝ) (hQ : 0 < Q) (hbalance : c * Q = 2) : 0 < c
'AFPBarrier.commonScale_pos' depends on axioms: [propext, Classical.choice, Quot.sound]
AFPBarrier.scaledSphericalRowRate_eq_commonScale.{u_1} {ι : Type u_1} [Fintype ι] (b sinTheta : ι → ℝ) (normalScale : ℝ)
  (hsin : ∀ (j : ι), sinTheta j ≠ 0) (hscale : normalScale ≠ 0) (j : ι) :
  AFPBarrier.scaledSphericalRowRate b sinTheta normalScale j = 2 / normalScale * (b j / sinTheta j)
'AFPBarrier.scaledSphericalRowRate_eq_commonScale' depends on axioms: [propext, Classical.choice, Quot.sound]
AFPBarrier.mixedNormalBudget_identity (D : ℝ) : D + 2 * AFPBarrier.antipodalTotalRate D = 2
'AFPBarrier.mixedNormalBudget_identity' depends on axioms: [propext, Classical.choice, Quot.sound]
AFPBarrier.antipodalTotalRate_eq_of_mixedNormalBudget (D t : ℝ) (hbudget : D + 2 * t = 2) :
  t = AFPBarrier.antipodalTotalRate D
'AFPBarrier.antipodalTotalRate_eq_of_mixedNormalBudget' depends on axioms: [propext, Classical.choice, Quot.sound]
AFPBarrier.antipodalTotalRate_nonneg_iff (D : ℝ) : 0 ≤ AFPBarrier.antipodalTotalRate D ↔ D ≤ 2
'AFPBarrier.antipodalTotalRate_nonneg_iff' depends on axioms: [propext, Classical.choice, Quot.sound]
AFPBarrier.antipodalTotalRate_pos_iff (D : ℝ) : 0 < AFPBarrier.antipodalTotalRate D ↔ D < 2
'AFPBarrier.antipodalTotalRate_pos_iff' depends on axioms: [propext, Classical.choice, Quot.sound]
AFPBarrier.antipodalOnly_normalBalance_iff.{u_1} {ι : Type u_1} [Fintype ι] (a : ι → ℝ) :
  ∑ j, 2 * a j = 2 ↔ Finset.univ.sum a = 1
'AFPBarrier.antipodalOnly_normalBalance_iff' depends on axioms: [propext, Classical.choice, Quot.sound]
AFPBarrier.sphericalLoss_eq_two_sin_sq_half (theta : ℝ) : AFPBarrier.sphericalLoss theta = 2 * Real.sin (theta / 2) ^ 2
'AFPBarrier.sphericalLoss_eq_two_sin_sq_half' depends on axioms: [propext, Classical.choice, Quot.sound]
AFPBarrier.sphericalLoss_lower_quadratic (h : ℝ) (hh0 : 0 ≤ h) (hhpi : h ≤ Real.pi) :
  2 / Real.pi ^ 2 * h ^ 2 ≤ AFPBarrier.sphericalLoss h
'AFPBarrier.sphericalLoss_lower_quadratic' depends on axioms: [propext, Classical.choice, Quot.sound]
AFPBarrier.sphericalLoss_two_mul_upper (h : ℝ) : AFPBarrier.sphericalLoss (2 * h) ≤ 2 * h ^ 2
'AFPBarrier.sphericalLoss_two_mul_upper' depends on axioms: [propext, Classical.choice, Quot.sound]
AFPBarrier.sphericalLoss_between_of_angle_window (h theta : ℝ) (hh0 : 0 ≤ h) (hhquarter : h ≤ Real.pi / 4)
  (htlower : h ≤ theta) (htupper : theta ≤ 2 * h) :
  2 / Real.pi ^ 2 * h ^ 2 ≤ AFPBarrier.sphericalLoss theta ∧ AFPBarrier.sphericalLoss theta ≤ 2 * h ^ 2
'AFPBarrier.sphericalLoss_between_of_angle_window' depends on axioms: [propext, Classical.choice, Quot.sound]
AFPBarrier.sphericalNet_peak_rate_defect_bounds.{u_1} {ι : Type u_1} [Fintype ι] [DecidableEq ι] (a : ι → ι → ℝ)
  (f : ι → ℝ) (i : ι) (h : ℝ) (hh0 : 0 < h) (hhquarter : h ≤ Real.pi / 4) (ha : ∀ (j : ι), j ≠ i → 0 ≤ a i j)
  (hfi : f i = 1) (hlinear : AFPBarrier.jumpGenerator a f i = -2)
  (hangle : ∀ (j : ι), j ≠ i → ∃ theta, h ≤ theta ∧ theta ≤ 2 * h ∧ f i - f j = AFPBarrier.sphericalLoss theta) :
  2 / (2 * h ^ 2) ≤ AFPBarrier.jumpRate a i ∧
    AFPBarrier.jumpRate a i ≤ 2 / (2 / Real.pi ^ 2 * h ^ 2) ∧
      2 / Real.pi ^ 2 * h ^ 2 * 2 ≤ AFPBarrier.peakDefect a f i 2 ∧ AFPBarrier.peakDefect a f i 2 ≤ 2 * h ^ 2 * 2
'AFPBarrier.sphericalNet_peak_rate_defect_bounds' depends on axioms: [propext, Classical.choice, Quot.sound]
AFPBarrier.sphericalNet_peak_rate_defect_bounds_mul.{u_1} {ι : Type u_1} [Fintype ι] [DecidableEq ι] (a : ι → ι → ℝ)
  (f : ι → ℝ) (i : ι) (h : ℝ) (hh0 : 0 < h) (hhquarter : h ≤ Real.pi / 4) (ha : ∀ (j : ι), j ≠ i → 0 ≤ a i j)
  (hfi : f i = 1) (hlinear : AFPBarrier.jumpGenerator a f i = -2)
  (hangle : ∀ (j : ι), j ≠ i → ∃ theta, h ≤ theta ∧ theta ≤ 2 * h ∧ f i - f j = AFPBarrier.sphericalLoss theta) :
  1 ≤ h ^ 2 * AFPBarrier.jumpRate a i ∧
    h ^ 2 * AFPBarrier.jumpRate a i ≤ Real.pi ^ 2 ∧
      4 / Real.pi ^ 2 * h ^ 2 ≤ AFPBarrier.peakDefect a f i 2 ∧ AFPBarrier.peakDefect a f i 2 ≤ 4 * h ^ 2
'AFPBarrier.sphericalNet_peak_rate_defect_bounds_mul' depends on axioms: [propext, Classical.choice, Quot.sound]
AFPBarrier.sphericalChordLoss_symmetric.{u_1, u_2} {ι : Type u_1} [Fintype ι] [DecidableEq ι] {κ : Type u_2} [Fintype κ]
  (Omega : ι → κ → ℝ) (i j : ι) : AFPBarrier.sphericalChordLoss Omega i j = AFPBarrier.sphericalChordLoss Omega j i
'AFPBarrier.sphericalChordLoss_symmetric' depends on axioms: [propext, Classical.choice, Quot.sound]
AFPBarrier.jumpGenerator_sphericalPairing.{u_1, u_2} {ι : Type u_1} [Fintype ι] [DecidableEq ι] {κ : Type u_2}
  [Fintype κ] (a : ι → ι → ℝ) (Omega : ι → κ → ℝ) (i : ι)
  (hcoord : ∀ (p : κ) (v : ι), AFPBarrier.jumpGenerator a (fun j => Omega j p) v = -2 * Omega v p) :
  AFPBarrier.jumpGenerator a (fun j => AFPBarrier.sphericalPairing Omega i j) i =
    -2 * AFPBarrier.sphericalPairing Omega i i
'AFPBarrier.jumpGenerator_sphericalPairing' depends on axioms: [propext, Classical.choice, Quot.sound]
AFPBarrier.coordinateEigenmap_lossMoment_two.{u_1, u_2} {ι : Type u_1} [Fintype ι] [DecidableEq ι] {κ : Type u_2}
  [Fintype κ] (a : ι → ι → ℝ) (Omega : ι → κ → ℝ) (i : ι) (hunit : AFPBarrier.sphericalPairing Omega i i = 1)
  (hcoord : ∀ (p : κ) (v : ι), AFPBarrier.jumpGenerator a (fun j => Omega j p) v = -2 * Omega v p) :
  ∑ j ∈ AFPBarrier.offdiag i, a i j * AFPBarrier.sphericalChordLoss Omega i j = 2
'AFPBarrier.coordinateEigenmap_lossMoment_two' depends on axioms: [propext, Classical.choice, Quot.sound]
AFPBarrier.normalizedOmega_barycenter_of_coordinateEigenmap.{u_1, u_2} {ι : Type u_1} [Fintype ι] [DecidableEq ι]
  {κ : Type u_2} [Fintype κ] (a : ι → ι → ℝ) (Omega : ι → κ → ℝ) (i : ι) (ell : ℝ) (hrate : 0 < AFPBarrier.jumpRate a i)
  (hcoord : ∀ (p : κ) (v : ι), AFPBarrier.jumpGenerator a (fun j => Omega j p) v = -2 * Omega v p)
  (hrateLoss : AFPBarrier.jumpRate a i * ell = 2) (p : κ) :
  ∑ j ∈ AFPBarrier.offdiag i, a i j / AFPBarrier.jumpRate a i * Omega j p = (1 - ell) * Omega i p
'AFPBarrier.normalizedOmega_barycenter_of_coordinateEigenmap' depends on axioms: [propext, Classical.choice, Quot.sound]
AFPBarrier.jumpRate_pos_of_lossMoment_two.{u_1} {ι : Type u_1} [Fintype ι] [DecidableEq ι] (a loss : ι → ι → ℝ) (i : ι)
  (ha : ∀ (j : ι), j ≠ i → 0 ≤ a i j) (hmoment : ∑ j ∈ AFPBarrier.offdiag i, a i j * loss i j = 2) :
  0 < AFPBarrier.jumpRate a i
'AFPBarrier.jumpRate_pos_of_lossMoment_two' depends on axioms: [propext, Classical.choice, Quot.sound]
AFPBarrier.normalizedEdgeWeight_sum_one.{u_1} {ι : Type u_1} [Fintype ι] [DecidableEq ι] (a : ι → ι → ℝ) (i : ι)
  (hrate : 0 < AFPBarrier.jumpRate a i) : ∑ j ∈ AFPBarrier.offdiag i, a i j / AFPBarrier.jumpRate a i = 1
'AFPBarrier.normalizedEdgeWeight_sum_one' depends on axioms: [propext, Classical.choice, Quot.sound]
AFPBarrier.normalizedLossScale_mean_one.{u_1} {ι : Type u_1} [Fintype ι] [DecidableEq ι] (a loss : ι → ι → ℝ) (i : ι)
  (hrate : 0 < AFPBarrier.jumpRate a i) (hmoment : ∑ j ∈ AFPBarrier.offdiag i, a i j * loss i j = 2) :
  ∑ j ∈ AFPBarrier.offdiag i, a i j / AFPBarrier.jumpRate a i * (AFPBarrier.jumpRate a i * loss i j / 2) = 1
'AFPBarrier.normalizedLossScale_mean_one' depends on axioms: [propext, Classical.choice, Quot.sound]
AFPBarrier.normalizedLossScale_secondMoment.{u_1} {ι : Type u_1} [Fintype ι] [DecidableEq ι] (a loss : ι → ι → ℝ)
  (i : ι) (hrate : 0 < AFPBarrier.jumpRate a i) :
  ∑ j ∈ AFPBarrier.offdiag i, a i j / AFPBarrier.jumpRate a i * (AFPBarrier.jumpRate a i * loss i j / 2) ^ 2 =
    AFPBarrier.sphericalQAt a loss i
'AFPBarrier.normalizedLossScale_secondMoment' depends on axioms: [propext, Classical.choice, Quot.sound]
AFPBarrier.weightedSecondMoment_sub_one_eq_variance.{u_1} {ι : Type u_1} [Fintype ι] [DecidableEq ι] (s : Finset ι)
  (p x : ι → ℝ) (hsum : s.sum p = 1) (hmean : ∑ j ∈ s, p j * x j = 1) :
  ∑ j ∈ s, p j * x j ^ 2 - 1 = ∑ j ∈ s, p j * (x j - 1) ^ 2
'AFPBarrier.weightedSecondMoment_sub_one_eq_variance' depends on axioms: [propext, Classical.choice, Quot.sound]
AFPBarrier.sphericalQ_sub_one_eq_normalizedLossVariance.{u_1} {ι : Type u_1} [Fintype ι] [DecidableEq ι]
  (a loss : ι → ι → ℝ) (i : ι) (hrate : 0 < AFPBarrier.jumpRate a i)
  (hmoment : ∑ j ∈ AFPBarrier.offdiag i, a i j * loss i j = 2) :
  AFPBarrier.sphericalQAt a loss i - 1 =
    ∑ j ∈ AFPBarrier.offdiag i, a i j / AFPBarrier.jumpRate a i * (AFPBarrier.jumpRate a i * loss i j / 2 - 1) ^ 2
'AFPBarrier.sphericalQ_sub_one_eq_normalizedLossVariance' depends on axioms: [propext, Classical.choice, Quot.sound]
AFPBarrier.one_le_sphericalQAt.{u_1} {ι : Type u_1} [Fintype ι] [DecidableEq ι] (a loss : ι → ι → ℝ) (i : ι)
  (ha : ∀ (j : ι), j ≠ i → 0 ≤ a i j) (hrate : 0 < AFPBarrier.jumpRate a i)
  (hmoment : ∑ j ∈ AFPBarrier.offdiag i, a i j * loss i j = 2) : 1 ≤ AFPBarrier.sphericalQAt a loss i
'AFPBarrier.one_le_sphericalQAt' depends on axioms: [propext, Classical.choice, Quot.sound]
AFPBarrier.sphericalQ_eq_one_active_loss.{u_1} {ι : Type u_1} [Fintype ι] [DecidableEq ι] (a loss : ι → ι → ℝ) (i j : ι)
  (ha : ∀ (k : ι), k ≠ i → 0 ≤ a i k) (hji : j ≠ i) (hactive : 0 < a i j) (hrate : 0 < AFPBarrier.jumpRate a i)
  (hmoment : ∑ k ∈ AFPBarrier.offdiag i, a i k * loss i k = 2) (hQ : AFPBarrier.sphericalQAt a loss i = 1) :
  loss i j = 2 / AFPBarrier.jumpRate a i
'AFPBarrier.sphericalQ_eq_one_active_loss' depends on axioms: [propext, Classical.choice, Quot.sound]
AFPBarrier.active_symmetric_of_shared_conductance.{u_1} {ι : Type u_1} [Fintype ι] [DecidableEq ι] (a gamma : ι → ι → ℝ)
  (w : ι → ℝ) (ha : ∀ (i j : ι), a i j = gamma i j / w i) (hgamma : ∀ (i j : ι), gamma i j = gamma j i)
  (hw : ∀ (i : ι), 0 < w i) {i j : ι} (hactive : 0 < a i j) : 0 < a j i
'AFPBarrier.active_symmetric_of_shared_conductance' depends on axioms: [propext, Classical.choice, Quot.sound]
AFPBarrier.connected_spherical_active_loss_rigidity.{u_1} {ι : Type u_1} [Fintype ι] [DecidableEq ι]
  (active : ι → ι → Prop) (loss : ι → ι → ℝ) (rate : ι → ℝ) (root : ι) (hRate : ∀ (i : ι), 0 < rate i)
  (hActiveSymm : ∀ {i j : ι}, active i j → active j i) (hLossSymm : ∀ (i j : ι), loss i j = loss j i)
  (hLocal : ∀ {i j : ι}, active i j → loss i j = 2 / rate i)
  (hConnected : ∀ (j : ι), Relation.ReflTransGen active root j) :
  (∀ (j : ι), rate j = rate root) ∧ ∀ {i j : ι}, active i j → loss i j = 2 / rate root
'AFPBarrier.connected_spherical_active_loss_rigidity' depends on axioms: [propext, Classical.choice, Quot.sound]
AFPBarrier.finite_spherical_qOne_global_rigidity.{u_1, u_2} {ι : Type u_1} [Fintype ι] [DecidableEq ι] {κ : Type u_2}
  [Fintype κ] (a gamma : ι → ι → ℝ) (w : ι → ℝ) (Omega : ι → κ → ℝ) (root : ι) (ha : ∀ (i j : ι), j ≠ i → 0 ≤ a i j)
  (haGamma : ∀ (i j : ι), a i j = gamma i j / w i) (hgamma : ∀ (i j : ι), gamma i j = gamma j i)
  (hw : ∀ (i : ι), 0 < w i) (hunit : ∀ (i : ι), AFPBarrier.sphericalPairing Omega i i = 1)
  (hcoord : ∀ (p : κ) (v : ι), AFPBarrier.jumpGenerator a (fun j => Omega j p) v = -2 * Omega v p)
  (hQ : ∀ (i : ι), AFPBarrier.sphericalQAt a (AFPBarrier.sphericalChordLoss Omega) i = 1)
  (hConnected : ∀ (j : ι), Relation.ReflTransGen (fun i j => i ≠ j ∧ 0 < a i j) root j) :
  0 < AFPBarrier.jumpRate a root ∧
    (∀ (j : ι), AFPBarrier.jumpRate a j = AFPBarrier.jumpRate a root) ∧
      ∀ {i j : ι}, i ≠ j ∧ 0 < a i j → AFPBarrier.sphericalChordLoss Omega i j = 2 / AFPBarrier.jumpRate a root
'AFPBarrier.finite_spherical_qOne_global_rigidity' depends on axioms: [propext, Classical.choice, Quot.sound]
